"id","flower_colour","rosea","sulfurea"
"M0821","FR","R/R","S/+"
"M0843","FR","R/R","S/+"
"M1003","Ye","r/r","s/s"
"M1011","Ye","r/r","s/s"
"M1014","Ye","r/r","s/s"
"M1530","FR","R/R","S/+"
"M0158","Ye","r/r","s/s"
"M0170","Ye","r/r","s/s"
"M0172","Ye","r/r","s/s"
"M0174","Ye","r/r","s/s"
"M0178","Ye","r/r","s/s"
"M0183","Ye","r/r","s/s"
"M0187","Ye","r/r","s/s"
"M0190","Ye","r/r","s/s"
"M0195","Ye","r/r","s/s"
"M0294","Ye","r/r","s/s"
"M0301","FR","R/R","S/+"
"M0303","FR","R/R","S/+"
"M0305","FR","R/R","S/+"
"M0307","FR","R/R","S/+"
"M0308","FR","R/R","S/+"
"M0311","FR","R/R","S/+"
"M0313","FR","R/R","S/+"
"M0315","FR","R/R","S/+"
"M0316","WR","R/r","S/+"
"M0324","FR","R/R","S/+"
"M0326","FR","R/R","S/+"
"M0349","FR","R/R","S/+"
"M0353","Ye","r/r","s/s"
"M0355","Ye","r/r","s/s"
"M0356","Ye","r/r","s/s"
"M0357","Ye","r/r","s/s"
"M0359","Ye","r/r","s/s"
"M0362","Ye","r/r","s/s"
"M0366","Ye","r/r","s/s"
"M0368","Ye","r/r","s/s"
"M0370","Ye","r/r","s/s"
"M0374","Ye","r/r","s/s"
"M0375","Ye","r/r","s/s"
"M0377","Ye","r/r","s/s"
"M0378","Ye","r/r","s/s"
"M0380","Ye","r/r","s/s"
"M0386","Ye","r/r","s/s"
"M0389","FO","R/R","s/s"
"M0396","WO","R/r","s/s"
"M0397","Ye","r/r","s/s"
"M0398","Wh","r/r","S/+"
"L1295","Ye","r/r","s/s"
"M0438","FR","R/R","S/+"
"M0450","FR","R/R","S/+"
"M0454","FR","R/R","S/+"
"M0490","FR","R/R","S/+"
"M0501","FR","R/R","S/+"
"M0506","Ye","r/r","s/s"
"M0507","FR","R/R","S/+"
"M0519","Ye","r/r","s/s"
"M0522","Ye","r/r","s/s"
"M0524","Ye","r/r","s/s"
"M0531","FR","R/R","S/+"
"M0533","FR","R/R","S/+"
"M0538","FR","R/R","S/+"
"M0542","FR","R/R","S/+"
"M0543","FR","R/R","S/+"
"M0549","FR","R/R","S/+"
"M0550","Ye","r/r","s/s"
"M0551","FR","R/R","S/+"
"M0553","FR","R/R","S/+"
"M0554","FR","R/R","S/+"
"M0558","FR","R/R","S/+"
"M0559","FR","R/R","S/+"
"M0560","FR","R/R","S/+"
"M0561","FR","R/R","S/+"
"M0562","FR","R/R","S/+"
"M0563","FR","R/R","S/+"
"M0565","FR","R/R","S/+"
"M0566","FR","R/R","S/+"
"M0567","FR","R/R","S/+"
"M0569","FR","R/R","S/+"
"M0570","FR","R/R","S/+"
"M0571","FR","R/R","S/+"
"M0572","Ye","r/r","s/s"
"M0573","FR","R/R","S/+"
"M0574","FR","R/R","S/+"
"M0576","FR","R/R","S/+"
"M0577","FR","R/R","S/+"
"M0578","Ye","r/r","s/s"
"M0581","FR","R/R","S/+"
"M0582","FR","R/R","S/+"
"M0585","FR","R/R","S/+"
"M0586","FR","R/R","S/+"
"M0587","FR","R/R","S/+"
"M0588","FR","R/R","S/+"
"M0590","FR","R/R","S/+"
"M0594","Ye","r/r","s/s"
"M0595","FR","R/R","S/+"
"M0599","FR","R/R","S/+"
"M0600","FR","R/R","S/+"
"M0629","FR","R/R","S/+"
"M0651","FR","R/R","S/+"
"M0655","FR","R/R","S/+"
"M0659","FR","R/R","S/+"
"M0665","FR","R/R","S/+"
"M0671","FR","R/R","S/+"
"M0676","FR","R/R","S/+"
"M0677","FR","R/R","S/+"
"M0678","FR","R/R","S/+"
"M0679","FR","R/R","S/+"
"M0680","FR","R/R","S/+"
"M0691","FR","R/R","S/+"
"M0696","FR","R/R","S/+"
"M0697","FR","R/R","S/+"
"M0709","FR","R/R","S/+"
"M0736","FR","R/R","S/+"
"M0802","Ye","r/r","s/s"
"M0812","FR","R/R","S/+"
"M0825","Ye","r/r","s/s"
"L1321","Ye","r/r","s/s"
"M0834","FR","R/R","S/+"
"M0823","FR","R/R","S/+"
"M0862","Ye","r/r","s/s"
"M0864","Ye","r/r","s/s"
"M0869","Wh","r/r","S/+"
"M0872","Ye","r/r","s/s"
"M0874","Wh","r/r","S/+"
"M0882","Ye","r/r","s/s"
"M0887","Ye","r/r","s/s"
"M0889","Ye","r/r","s/s"
"M0891","Ye","r/r","s/s"
"M0896","Ye","r/r","s/s"
"M0901","Ye","r/r","s/s"
"M0903","Ye","r/r","s/s"
"M0906","Ye","r/r","s/s"
"M0907","Ye","r/r","s/s"
"M0908","Ye","r/r","s/s"
"M0909","Ye","r/r","s/s"
"M0912","Ye","r/r","s/s"
"M0914","Ye","r/r","s/s"
"M0915","Ye","r/r","s/s"
"M0916","Ye","r/r","s/s"
"M0918","Ye","r/r","s/s"
"M0919","Ye","r/r","s/s"
"M0923","Ye","r/r","s/s"
"M0928","Ye","r/r","s/s"
"M0929","Ye","r/r","s/s"
"M0934","Ye","r/r","s/s"
"M0937","Ye","r/r","s/s"
"M0940","Ye","r/r","s/s"
"M0941","Ye","r/r","s/s"
"M0942","FO","R/R","s/s"
"M0946","Ye","r/r","s/s"
"M0951","Ye","r/r","s/s"
"M0958","Ye","r/r","s/s"
"M0960","Ye","r/r","s/s"
"M0964","WO","R/r","s/s"
"M0966","Ye","r/r","s/s"
"M0967","Ye","r/r","s/s"
"M0968","Ye","r/r","s/s"
"M0969","Ye","r/r","s/s"
"M0974","Ye","r/r","s/s"
"M0977","Ye","r/r","s/s"
"M0978","Ye","r/r","s/s"
"M0981","Ye","r/r","s/s"
"M0985","Ye","r/r","s/s"
"M0988","Ye","r/r","s/s"
"M0993","WO","R/r","s/s"
"M0999","Ye","r/r","s/s"
"M1000","Ye","r/r","s/s"
"M1010","Ye","r/r","s/s"
"M1023","Ye","r/r","s/s"
"M1031","Ye","r/r","s/s"
"L0635","Ye","r/r","s/s"
"M1037","Ye","r/r","s/s"
"M1045","FR","R/R","S/+"
"M1046","Ye","r/r","s/s"
"M1053","FR","R/R","S/+"
"M1055","FR","R/R","S/+"
"M1060","FR","R/R","S/+"
"M1067","FR","R/R","S/+"
"M1073","FR","R/R","S/+"
"M1077","FR","R/R","S/+"
"M1083","WR","R/r","S/+"
"M1085","FR","R/R","S/+"
"M1086","FR","R/R","S/+"
"M1087","FR","R/R","S/+"
"M1089","FR","R/R","S/+"
"M1098","FR","R/R","S/+"
"M1103","FR","R/R","S/+"
"M1107","FR","R/R","S/+"
"M1115","FR","R/R","S/+"
"M1117","FR","R/R","S/+"
"M1120","FR","R/R","S/+"
"M1121","FR","R/R","S/+"
"M1126","FR","R/R","S/+"
"M1128","FR","R/R","S/+"
"M1129","FR","R/R","S/+"
"M1144","FR","R/R","S/+"
"M1155","Ye","r/r","s/s"
"M1156","FR","R/R","S/+"
"M1159","Ye","r/r","s/s"
"M1160","Ye","r/r","s/s"
"M1164","Ye","r/r","s/s"
"M1171","FR","R/R","S/+"
"M1177","Ye","r/r","s/s"
"M1180","FR","R/R","S/+"
"M1193","Wh","r/r","S/+"
"M1200","Ye","r/r","s/s"
"M1214","WR","R/r","S/+"
"M1225","WR","R/r","S/+"
"M1251","FR","R/R","S/+"
"M1253","WR","R/r","S/+"
"M1293","FR","R/R","S/+"
"M1299","FR","R/R","S/+"
"M1302","Ye","r/r","s/s"
"M1308","WO","R/r","s/s"
"M1334","FR","R/R","S/+"
"M1335","Ye","r/r","s/s"
"M1337","FR","R/R","S/+"
"M1338","FR","R/R","S/+"
"M1342","FR","R/R","S/+"
"L0729","FR","R/R","S/+"
"M1347","FR","R/R","S/+"
"M1349","FR","R/R","S/+"
"M1382","FO","R/R","s/s"
"M1385","FO","R/R","s/s"
"M1400","WR","R/r","S/+"
"M1410","Ye","r/r","s/s"
"M1420","Ye","r/r","s/s"
"M1449","Ye","r/r","s/s"
"M1453","Ye","r/r","s/s"
"J0420","FR","R/R","S/+"
"M1504","Ye","r/r","s/s"
"M1509","FR","R/R","S/+"
"M1515","FR","R/R","S/+"
"M1520","Ye","r/r","s/s"
"M1524","FR","R/R","S/+"
"M1548","Ye","r/r","s/s"
"M1635","WO","R/r","s/s"
"M1711","FR","R/R","S/+"
"M1804","FR","R/R","S/+"
"J1101","FR","R/R","S/+"
"M1888","FR","R/R","S/+"
"M1893","FR","R/R","S/+"
"M1898","FO","R/R","s/s"
"M1900","WR","R/r","S/+"
"M1902","FR","R/R","S/+"
"M1957","FR","R/R","S/+"
"M1970","Ye","r/r","s/s"
"M1976","FR","R/R","S/+"
"M1981","Ye","r/r","s/s"
"L1181","WR","R/r","S/+"
"M1997","Wh","r/r","S/+"
"M2024","FR","R/R","S/+"
"M2026","WR","R/r","S/+"
"M2028","FR","R/R","S/+"
"M2029","FR","R/R","S/+"
"M2030","FR","R/R","S/+"
"M2033","FR","R/R","S/+"
"M2035","FR","R/R","S/+"
"M2037","FR","R/R","S/+"
"M2047","FR","R/R","S/+"
"M3089",NA,NA,NA
"M3090",NA,NA,NA
"M3091",NA,NA,NA
"M3092",NA,NA,NA
"M3093",NA,NA,NA
"M3094",NA,NA,NA
"M3095",NA,NA,NA
"M3096",NA,NA,NA
"M3097",NA,NA,NA
"M3099","WO","R/r","s/s"
"M3100",NA,NA,NA
"M3101","WO","R/r","s/s"
"M3102",NA,NA,NA
"M3103","Ye","r/r","s/s"
"M3104",NA,NA,NA
"M3105","Ye","r/r","s/s"
"M0066",NA,NA,NA
"M1811","FR","R/R","S/+"
"M1812","FR","R/R","S/+"
"M0233","FR","R/R","S/+"
"M1844","FR","R/R","S/+"
"M1873","FR","R/R","S/+"
"M1964","FR","R/R","S/+"
"M1966","Ye","r/r","s/s"
"L0933","WR","R/r","S/+"
"M1969","WO","R/r","s/s"
"M1971","FR","R/R","S/+"
"M1973","FR","R/R","S/+"
"M1975","FR","R/R","S/+"
"M1979","FR","R/R","S/+"
"M1991","FR","R/R","S/+"
"M1993","FO","R/R","s/s"
"K1200","FR","R/R","S/+"
"M2000","FR","R/R","S/+"
"M2001","FR","R/R","S/+"
"M2002","FR","R/R","S/+"
"M2003","FR","R/R","S/+"
"M2004","Ye","r/r","s/s"
"M2005","WR","R/r","S/+"
"M2006","FR","R/R","S/+"
"M2007","WR","R/r","S/+"
"M2008","FR","R/R","S/+"
"M1455","FR","R/R","S/+"
"M2010","FR","R/R","S/+"
"M2012","FR","R/R","S/+"
"M2015","FR","R/R","S/+"
"M0067","FR","R/R","S/+"
"M2019",NA,NA,NA
"M2020","WO","R/r","s/s"
"M2021","WR","R/r","S/+"
"M2022","FR","R/R","S/+"
"M2023","FR","R/R","S/+"
"K1085","FR","R/R","S/+"
"M2055","WO","R/r","s/s"
"M2058","FR","R/R","S/+"
"M2059","FR","R/R","S/+"
"M1914","FR","R/R","S/+"
"M2062","FR","R/R","S/+"
"M2064","WR","R/r","S/+"
"M2066",NA,NA,NA
"M2069","FR","R/R","S/+"
"M2070","Ye","r/r","s/s"
"M2072","FR","R/R","S/+"
"L1593","FR","R/R","S/+"
"M2075",NA,NA,NA
"M1665","WR","R/r","S/+"
"L0009","WO","R/r","s/s"
"L0021","WR","R/r","S/+"
"K0314","WO","R/r","s/s"
"L0039","WR","R/r","S/+"
"L0055","FR","R/R","S/+"
"L0056","Ye","r/r","s/s"
"L0057","FR","R/R","S/+"
"L0060","WR","R/r","S/+"
"L0064","WO","R/r","s/s"
"L0076","FR","R/R","S/+"
"L0078","WR","R/r","S/+"
"L0079","Ye","r/r","s/s"
"L0098","WR","R/r","S/+"
"K0840","WR","R/r","S/+"
"L0105","FR","R/R","S/+"
"L0106","WR","R/r","S/+"
"K1755","FO","R/R","s/s"
"L0112","FR","R/R","S/+"
"L0114","Wh","r/r","S/+"
"L0120","FR","R/R","S/+"
"L0124","WR","R/r","S/+"
"K0032","FR","R/R","S/+"
"K0760","FR","R/R","S/+"
"L0137","WR","R/r","S/+"
"L0143","FO","R/R","s/s"
"L0146","FR","R/R","S/+"
"K0023","FR","R/R","S/+"
"L0150","FR","R/R","S/+"
"L0159","WR","R/r","S/+"
"L0168","Ye","r/r","s/s"
"L0169","FR","R/R","S/+"
"L0176","WR","R/r","S/+"
"L0188","FR","R/R","S/+"
"L0191","FR","R/R","S/+"
"L0199","FR","R/R","S/+"
"L0214","WR","R/r","S/+"
"L0215","Wh","r/r","S/+"
"L0220","FR","R/R","S/+"
"L0221","WR","R/r","S/+"
"J0314","Wh","r/r","S/+"
"K0451","FR","R/R","S/+"
"K1762","FR","R/R","S/+"
"L0230","WO","R/r","s/s"
"L0234","WO","R/r","s/s"
"L0243","Ye","r/r","s/s"
"L0250","Ye","r/r","s/s"
"L0258","Ye","r/r","s/s"
"L0260","Wh","r/r","S/+"
"K2005","Ye","r/r","s/s"
"L0263","WR","R/r","S/+"
"L0284","FR","R/R","S/+"
"L0294","FO","R/R","s/s"
"L0314","WO","R/r","s/s"
"L0320","WR","R/r","S/+"
"L0323","Ye","r/r","s/s"
"L0325","WR","R/r","S/+"
"L0326","FO","R/R","s/s"
"L0329","Ye","r/r","s/s"
"J0493","WR","R/r","S/+"
"K1847","FR","R/R","S/+"
"K1899","FR","R/R","S/+"
"L0395","Ye","r/r","s/s"
"L0401","FR","R/R","S/+"
"L0407","Ye","r/r","s/s"
"L0412","FR","R/R","S/+"
"L0413","FR","R/R","S/+"
"L0414","WO","R/r","s/s"
"L0435","WO","R/r","s/s"
"L0460","Ye","r/r","s/s"
"L0461","Wh","r/r","S/+"
"L0465","Ye","r/r","s/s"
"L0474","Ye","r/r","s/s"
"L0475","Ye","r/r","s/s"
"L0481","Ye","r/r","s/s"
"L0485","Wh","r/r","S/+"
"L0494","FR","R/R","S/+"
"L0497","FR","R/R","S/+"
"L0499","WR","R/r","S/+"
"L0501","WR","R/r","S/+"
"L0503","Wh","r/r","S/+"
"L0536","FR","R/R","S/+"
"L0537",NA,NA,NA
"L0538","FR","R/R","S/+"
"L0539","FR","R/R","S/+"
"L0540","FR","R/R","S/+"
"K1892","FR","R/R","S/+"
"L0565","Ye","r/r","s/s"
"L0572","FO","R/R","s/s"
"L0573",NA,NA,NA
"L0584","WR","R/r","S/+"
"L0588","FR","R/R","S/+"
"L0653","FR","R/R","S/+"
"L0662","FR","R/R","S/+"
"K0634","FR","R/R","S/+"
"L0677","WO","R/r","s/s"
"L0682","FR","R/R","S/+"
"L0689","Ye","r/r","s/s"
"L0694","WR","R/r","S/+"
"L0695","FR","R/R","S/+"
"L0696","FR","R/R","S/+"
"L0699","WR","R/r","S/+"
"J0920","FR","R/R","S/+"
"K1092","FR","R/R","S/+"
"L0705","FR","R/R","S/+"
"L0708","FR","R/R","S/+"
"L0713","FR","R/R","S/+"
"L0714","FR","R/R","S/+"
"K0774","Wh","r/r","S/+"
"L0758",NA,NA,NA
"K0776","FR","R/R","S/+"
"L0770","Wh","r/r","S/+"
"L0786","FR","R/R","S/+"
"L0795","FR","R/R","S/+"
"L0800","FR","R/R","S/+"
"L0814","FO","R/R","s/s"
"L0815","Ye","r/r","s/s"
"K0532","Ye","r/r","s/s"
"L0823","WR","R/r","S/+"
"L0859","FR","R/R","S/+"
"L0888","FR","R/R","S/+"
"L0891","Ye","r/r","s/s"
"L0895","Ye","r/r","s/s"
"L0904","Ye","r/r","s/s"
"L0911","FR","R/R","S/+"
"K1738","Wh","r/r","S/+"
"L0932","Ye","r/r","s/s"
"L0935","WO","R/r","s/s"
"L0951","Ye","r/r","s/s"
"L0954","Ye","r/r","s/s"
"L0955","Ye","r/r","s/s"
"L0966","Ye","r/r","s/s"
"L0967","Ye","r/r","s/s"
"L0973","Ye","r/r","s/s"
"L0988","WO","R/r","s/s"
"L0993","Ye","r/r","s/s"
"L0996","FO","R/R","s/s"
"L0998","Ye","r/r","s/s"
"L1007","Ye","r/r","s/s"
"L1009","Ye","r/r","s/s"
"L1014","FR","R/R","S/+"
"L1018","FR","R/R","S/+"
"L1024","Wh","r/r","S/+"
"L1025","Wh","r/r","S/+"
"L1026","FR","R/R","S/+"
"L1034","FR","R/R","S/+"
"L1038","FO","R/R","s/s"
"L1039","Wh","r/r","S/+"
"L1040","FR","R/R","S/+"
"L1042","FR","R/R","S/+"
"L1044","FR","R/R","S/+"
"L1045","WO","R/r","s/s"
"L1054","WR","R/r","S/+"
"L1058","WO","R/r","s/s"
"L1068","WR","R/r","S/+"
"L1077","FR","R/R","S/+"
"L1080","Ye","r/r","s/s"
"L1086","WR","R/r","S/+"
"L1088","WO","R/r","s/s"
"L1089","WR","R/r","S/+"
"L1104","WR","R/r","S/+"
"L1117","Ye","r/r","s/s"
"L1124","Ye","r/r","s/s"
"L1208","Ye","r/r","s/s"
"L1216","Ye","r/r","s/s"
"L1221","Ye","r/r","s/s"
"L1223","Ye","r/r","s/s"
"L1228","FR","R/R","S/+"
"L1244","FO","R/R","s/s"
"L1262","FO","R/R","s/s"
"L1264","Wh","r/r","S/+"
"L1298","WO","R/r","s/s"
"L1310","WR","R/r","S/+"
"L1312","Ye","r/r","s/s"
"L1313","FR","R/R","S/+"
"L1317","Ye","r/r","s/s"
"L1325","Ye","r/r","s/s"
"L1330","Ye","r/r","s/s"
"L1351","WO","R/r","s/s"
"L1357","Ye","r/r","s/s"
"L1359","WR","R/r","S/+"
"L1361","WR","R/r","S/+"
"L1362","FR","R/R","S/+"
"L1363","Ye","r/r","s/s"
"L1365","FR","R/R","S/+"
"L1368","FR","R/R","S/+"
"K1574","FR","R/R","S/+"
"L1427","FR","R/R","S/+"
"L1428","FR","R/R","S/+"
"L1449","FR","R/R","S/+"
"K1898","FR","R/R","S/+"
"L1451","FR","R/R","S/+"
"L1454","FR","R/R","S/+"
"L1486","WO","R/r","s/s"
"L1492","FO","R/R","s/s"
"L1555","FR","R/R","S/+"
"K1988","FR","R/R","S/+"
"L1581","Ye","r/r","s/s"
"L1596",NA,NA,NA
"L1597","FR","R/R","S/+"
"L1608","FR","R/R","S/+"
"L1613","Ye","r/r","s/s"
"L1615","Ye","r/r","s/s"
"L1617","Ye","r/r","s/s"
"L1624","WO","R/r","s/s"
"L1628","WO","R/r","s/s"
"L1632","FR","R/R","S/+"
"L1639","FR","R/R","S/+"
"L1642","FO","R/R","s/s"
"K0148","FO","R/R","s/s"
"L1666","FR","R/R","S/+"
"L1667","FR","R/R","S/+"
"L1680",NA,NA,NA
"L1691","FR","R/R","S/+"
"L1692","WR","R/r","S/+"
"L1698","FR","R/R","S/+"
"L1730","FR","R/R","S/+"
"L1733",NA,NA,NA
"L1745","Ye","r/r","s/s"
"L1764","WO","R/r","s/s"
"L1766","Ye","r/r","s/s"
"L1772","Ye","r/r","s/s"
"L1777","Ye","r/r","s/s"
"L1830","Ye","r/r","s/s"
"L1847","WR","R/r","S/+"
"L1856","FO","R/R","s/s"
"L1863",NA,NA,NA
"L1868",NA,NA,NA
"L1869","Wh","r/r","S/+"
"L1872","FO","R/R","s/s"
"L1882","WR","R/r","S/+"
"L1883","Wh","r/r","S/+"
"L1890","WR","R/r","S/+"
"L1892","FR","R/R","S/+"
"L1895","FR","R/R","S/+"
"L1910",NA,NA,NA
"L1912","WO","R/r","s/s"
"L1914","Ye","r/r","s/s"
"L1919","Ye","r/r","s/s"
"M0004","Ye","r/r","s/s"
"K1768","FR","R/R","S/+"
"M0007","WR","R/r","S/+"
"M0009","FR","R/R","S/+"
"M0011","FO","R/R","s/s"
"K2036","FR","R/R","S/+"
"M0013","WR","R/r","S/+"
"M0015","Wh","r/r","S/+"
"M0016","FR","R/R","S/+"
"M0017","WO","R/r","s/s"
"M0019","FR","R/R","S/+"
"M0021","WO","R/r","s/s"
"M0022","FO","R/R","s/s"
"M0027","WO","R/r","s/s"
"M0028","FR","R/R","S/+"
"M0030","WO","R/r","s/s"
"M0032","WR","R/r","S/+"
"M0033",NA,NA,NA
"M0034","Ye","r/r","s/s"
"M0036","FR","R/R","S/+"
"M0037",NA,NA,NA
"M0038","Ye","r/r","s/s"
"M0041","FR","R/R","S/+"
"M0042","FR","R/R","S/+"
"M0043","FO","R/R","s/s"
"M0045","WO","R/r","s/s"
"M0046","Ye","r/r","s/s"
"M0048","WO","R/r","s/s"
"M0049","WR","R/r","S/+"
"M0050","FR","R/R","S/+"
"M0051","FR","R/R","S/+"
"M0052","FR","R/R","S/+"
"M0053","FR","R/R","S/+"
"M0054","Ye","r/r","s/s"
"M0055","FR","R/R","S/+"
"M0056","FO","R/R","s/s"
"M0057","FR","R/R","S/+"
"M0059","FR","R/R","S/+"
"M0060","WR","R/r","S/+"
"M0061","FR","R/R","S/+"
"K1696","FR","R/R","S/+"
"M0064","FR","R/R","S/+"
"M0068","WR","R/r","S/+"
"M0069","FO","R/R","s/s"
"M0070","FR","R/R","S/+"
"M0072","FR","R/R","S/+"
"M0074","FR","R/R","S/+"
"M0075","WO","R/r","s/s"
"M0076","FO","R/R","s/s"
"M0077","FR","R/R","S/+"
"M0079","FR","R/R","S/+"
"M0080","FR","R/R","S/+"
"M0081","FR","R/R","S/+"
"M0084","FR","R/R","S/+"
"M0087","WR","R/r","S/+"
"M0088","WR","R/r","S/+"
"M0089","FO","R/R","s/s"
"M0090","FR","R/R","S/+"
"M0091","FR","R/R","S/+"
"M0093","FR","R/R","S/+"
"M0094","FR","R/R","S/+"
"M0095","FR","R/R","S/+"
"M0096","FO","R/R","s/s"
"M0097","FR","R/R","S/+"
"M0098","FR","R/R","S/+"
"M0099","WR","R/r","S/+"
"M0100","FR","R/R","S/+"
"M0101","FR","R/R","S/+"
"M0102","FR","R/R","S/+"
"M0104","Ye","r/r","s/s"
"M0106","FR","R/R","S/+"
"M0107","WR","R/r","S/+"
"M0114","FR","R/R","S/+"
"M0118","FR","R/R","S/+"
"M0122","FR","R/R","S/+"
"M0123","FO","R/R","s/s"
"M0125","FR","R/R","S/+"
"M0127","FR","R/R","S/+"
"M0128","FR","R/R","S/+"
"M0129","WR","R/r","S/+"
"M0133","Ye","r/r","s/s"
"M0136","FR","R/R","S/+"
"M0137","WO","R/r","s/s"
"M0139","FR","R/R","S/+"
"M0141","FR","R/R","S/+"
"M0142","WR","R/r","S/+"
"K0739","FR","R/R","S/+"
"M0144","FR","R/R","S/+"
"M0145","WR","R/r","S/+"
"M0146","WR","R/r","S/+"
"M0147","WR","R/r","S/+"
"M0148","WR","R/r","S/+"
"M0150","FR","R/R","S/+"
"M0153","Ye","r/r","s/s"
"M0155","Ye","r/r","s/s"
"M0157","WO","R/r","s/s"
"M0159","Ye","r/r","s/s"
"M0160","Ye","r/r","s/s"
"M0161","Ye","r/r","s/s"
"M0162","Ye","r/r","s/s"
"M0166",NA,NA,NA
"M0169","Ye","r/r","s/s"
"M0175","Ye","r/r","s/s"
"M0177","Ye","r/r","s/s"
"M0179","FR","R/R","S/+"
"M0181","Ye","r/r","s/s"
"M0182","Ye","r/r","s/s"
"M0184","WO","R/r","s/s"
"M0185","Ye","r/r","s/s"
"M0188","WO","R/r","s/s"
"M0198","Ye","r/r","s/s"
"M0202","Wh","r/r","S/+"
"M0205","WO","R/r","s/s"
"M0206","WO","R/r","s/s"
"M0208","Ye","r/r","s/s"
"M0209","FO","R/R","s/s"
"K0129","WR","R/r","S/+"
"M0213","Ye","r/r","s/s"
"M0215","Ye","r/r","s/s"
"M0217","Ye","r/r","s/s"
"M0219","Ye","r/r","s/s"
"M0223","WR","R/r","S/+"
"M0224","FR","R/R","S/+"
"M0226","WO","R/r","s/s"
"M0228","WR","R/r","S/+"
"M0229","Wh","r/r","S/+"
"M0232","WO","R/r","s/s"
"M0235","FO","R/R","s/s"
"M0236","WR","R/r","S/+"
"M0238","Ye","r/r","s/s"
"M0239","Wh","r/r","S/+"
"M0240","WR","R/r","S/+"
"M0241","FR","R/R","S/+"
"M0243","WO","R/r","s/s"
"M0245","WR","R/r","S/+"
"M0247","FR","R/R","S/+"
"M0249","Wh","r/r","S/+"
"M0251","WR","R/r","S/+"
"M0252","FR","R/R","S/+"
"M0253","FR","R/R","S/+"
"M0254","FR","R/R","S/+"
"M0255","FO","R/R","s/s"
"M0256","WR","R/r","S/+"
"M0257","FR","R/R","S/+"
"M0258","Ye","r/r","s/s"
"M0259","FR","R/R","S/+"
"M0260","Ye","r/r","s/s"
"M0261","FR","R/R","S/+"
"M0262","FR","R/R","S/+"
"M0263","FR","R/R","S/+"
"M0264","FR","R/R","S/+"
"M0265","FR","R/R","S/+"
"M0266","FR","R/R","S/+"
"M0267","FO","R/R","s/s"
"M0268","FR","R/R","S/+"
"M0269","FR","R/R","S/+"
"M0270","FO","R/R","s/s"
"M0271","FR","R/R","S/+"
"M0272","FR","R/R","S/+"
"M0273","FR","R/R","S/+"
"M0277","FR","R/R","S/+"
"M0278","FR","R/R","S/+"
"M0279","WR","R/r","S/+"
"M0281","WR","R/r","S/+"
"M0282","FR","R/R","S/+"
"M0283","FR","R/R","S/+"
"M0284","FO","R/R","s/s"
"M0286","WR","R/r","S/+"
"M0287","FR","R/R","S/+"
"M0290","FR","R/R","S/+"
"M0291","FR","R/R","S/+"
"M0292","FR","R/R","S/+"
"M0293","FR","R/R","S/+"
"M0295","FR","R/R","S/+"
"M0296","FR","R/R","S/+"
"M0297","FR","R/R","S/+"
"M0299","FR","R/R","S/+"
"M0306","Wh","r/r","S/+"
"M0310","FR","R/R","S/+"
"M0312","WR","R/r","S/+"
"M0317","Ye","r/r","s/s"
"J1284","WR","R/r","S/+"
"M0319","WR","R/r","S/+"
"M0320","FR","R/R","S/+"
"M0323","WO","R/r","s/s"
"M0329","Ye","r/r","s/s"
"M0331","Wh","r/r","S/+"
"M0332","Ye","r/r","s/s"
"M0333","FO","R/R","s/s"
"M0334","Wh","r/r","S/+"
"M0336","FR","R/R","S/+"
"K0632","Wh","r/r","S/+"
"M0344","WR","R/r","S/+"
"M0346","Wh","r/r","S/+"
"M0347","FR","R/R","S/+"
"M0351","WO","R/r","s/s"
"M0352","WR","R/r","S/+"
"M0354","WR","R/r","S/+"
"M0358","FR","R/R","S/+"
"M0360","Ye","r/r","s/s"
"M0361","Ye","r/r","s/s"
"M0363","Ye","r/r","s/s"
"M0364","WO","R/r","s/s"
"M0367","Ye","r/r","s/s"
"M0369","FR","R/R","S/+"
"M0372","Ye","r/r","s/s"
"M0379","WR","R/r","S/+"
"M0381","FR","R/R","S/+"
"M0383","Ye","r/r","s/s"
"M0384","WR","R/r","S/+"
"M0385","WO","R/r","s/s"
"M0388","WR","R/r","S/+"
"M0390","FO","R/R","s/s"
"M0393","FR","R/R","S/+"
"M0395","FR","R/R","S/+"
"M0401","WO","R/r","s/s"
"M0402","FR","R/R","S/+"
"K0464","FR","R/R","S/+"
"M0405","FR","R/R","S/+"
"M0411","FO","R/R","s/s"
"M0413","Ye","r/r","s/s"
"M0415","FR","R/R","S/+"
"M0416","Wh","r/r","S/+"
"M0417","WO","R/r","s/s"
"M0418","FO","R/R","s/s"
"M0419","Ye","r/r","s/s"
"M0420","Ye","r/r","s/s"
"M0421","FO","R/R","s/s"
"M0423","FR","R/R","S/+"
"M0424","WO","R/r","s/s"
"K1211","WR","R/r","S/+"
"M0427","FR","R/R","S/+"
"M0428","FR","R/R","S/+"
"M0429","WR","R/r","S/+"
"M0430","WO","R/r","s/s"
"M0431","WR","R/r","S/+"
"M0434","WR","R/r","S/+"
"M0435","FR","R/R","S/+"
"M0437","FR","R/R","S/+"
"M0439","FO","R/R","s/s"
"M0440","FR","R/R","S/+"
"M0441","FR","R/R","S/+"
"M0443","FR","R/R","S/+"
"M0445","Ye","r/r","s/s"
"M0447","WR","R/r","S/+"
"M0451","Ye","r/r","s/s"
"M0453","Ye","r/r","s/s"
"M0455","WO","R/r","s/s"
"M0458","Ye","r/r","s/s"
"M0459","Ye","r/r","s/s"
"M0460","WR","R/r","S/+"
"M0461","Ye","r/r","s/s"
"M0464","FR","R/R","S/+"
"M0465","WO","R/r","s/s"
"M0466","FR","R/R","S/+"
"M0467","FO","R/R","s/s"
"M0468","FR","R/R","S/+"
"M0470","Ye","r/r","s/s"
"M0472","FR","R/R","S/+"
"M0473","WO","R/r","s/s"
"M0474","WR","R/r","S/+"
"M0475","WO","R/r","s/s"
"M0479","Ye","r/r","s/s"
"M0481","FR","R/R","S/+"
"M0482","FR","R/R","S/+"
"M0484","FR","R/R","S/+"
"M0485","FR","R/R","S/+"
"M0488","Ye","r/r","s/s"
"M0489","WR","R/r","S/+"
"M0492","WO","R/r","s/s"
"M0494","FR","R/R","S/+"
"M0495","FR","R/R","S/+"
"M0497","FR","R/R","S/+"
"M0505","Ye","r/r","s/s"
"M0508","FR","R/R","S/+"
"M0509","Ye","r/r","s/s"
"M0514","WR","R/r","S/+"
"M0516","FR","R/R","S/+"
"M0517","FR","R/R","S/+"
"M0523","Ye","r/r","s/s"
"M0526","FR","R/R","S/+"
"M0529","WR","R/r","S/+"
"M0532","WO","R/r","s/s"
"M0534","Ye","r/r","s/s"
"M0536","FR","R/R","S/+"
"M0537","FR","R/R","S/+"
"M0540","Ye","r/r","s/s"
"M0541","Ye","r/r","s/s"
"M0544","Ye","r/r","s/s"
"M0545","Ye","r/r","s/s"
"M0547","FR","R/R","S/+"
"M0548","WR","R/r","S/+"
"M0552","FR","R/R","S/+"
"M0557","Ye","r/r","s/s"
"M0575","Ye","r/r","s/s"
"M0579","FR","R/R","S/+"
"M0580","FR","R/R","S/+"
"M0583","FR","R/R","S/+"
"M0584","Ye","r/r","s/s"
"M0589","FR","R/R","S/+"
"M0591","Ye","r/r","s/s"
"M0592","Ye","r/r","s/s"
"M0593","Ye","r/r","s/s"
"M0596","Ye","r/r","s/s"
"M0597","FR","R/R","S/+"
"M0602","Ye","r/r","s/s"
"M0603","WR","R/r","S/+"
"M0605","Ye","r/r","s/s"
"M0606","Ye","r/r","s/s"
"M0607","Ye","r/r","s/s"
"M0613","Ye","r/r","s/s"
"M0616","Ye","r/r","s/s"
"M0617","Ye","r/r","s/s"
"M0618","Ye","r/r","s/s"
"M0619","Ye","r/r","s/s"
"M0620","Ye","r/r","s/s"
"M0622","Ye","r/r","s/s"
"M0623","WO","R/r","s/s"
"M0624","Ye","r/r","s/s"
"M0625","Ye","r/r","s/s"
"M0626","Ye","r/r","s/s"
"M0627","Ye","r/r","s/s"
"M0628","Ye","r/r","s/s"
"M0631","Ye","r/r","s/s"
"M0634","Ye","r/r","s/s"
"M0637","Ye","r/r","s/s"
"M0638","Ye","r/r","s/s"
"M0640","Ye","r/r","s/s"
"M0643","Ye","r/r","s/s"
"M0644","Ye","r/r","s/s"
"M0645","Ye","r/r","s/s"
"M0646","Ye","r/r","s/s"
"M0648","Ye","r/r","s/s"
"M0649","Ye","r/r","s/s"
"M0650","WO","R/r","s/s"
"M0652","FR","R/R","S/+"
"M0653","FR","R/R","S/+"
"M0654","FR","R/R","S/+"
"M0656","FO","R/R","s/s"
"M0657","FR","R/R","S/+"
"M0658","FR","R/R","S/+"
"M0661","FR","R/R","S/+"
"M0662","FR","R/R","S/+"
"M0663","WR","R/r","S/+"
"M0666","FO","R/R","s/s"
"M0667","FR","R/R","S/+"
"M0668","FR","R/R","S/+"
"M0669","FR","R/R","S/+"
"M0670","FR","R/R","S/+"
"M0672","FR","R/R","S/+"
"M0673","FR","R/R","S/+"
"M0674","FR","R/R","S/+"
"M0675","FR","R/R","S/+"
"M0681","WO","R/r","s/s"
"M0682","FR","R/R","S/+"
"M0683","FR","R/R","S/+"
"M0684","WR","R/r","S/+"
"M0685","FR","R/R","S/+"
"M0686","FR","R/R","S/+"
"M0687","FR","R/R","S/+"
"M0689","WO","R/r","s/s"
"M0693","FR","R/R","S/+"
"M0694","FR","R/R","S/+"
"M0695","WR","R/r","S/+"
"M0700","WO","R/r","s/s"
"M0701","Ye","r/r","s/s"
"M0702","Ye","r/r","s/s"
"M0703","FR","R/R","S/+"
"M0704","FR","R/R","S/+"
"M0705","Ye","r/r","s/s"
"M0706","WR","R/r","S/+"
"M0707","Ye","r/r","s/s"
"M0710","Ye","r/r","s/s"
"M0712","FR","R/R","S/+"
"M0715","FR","R/R","S/+"
"M0717","FR","R/R","S/+"
"M0718","Ye","r/r","s/s"
"M0720","Ye","r/r","s/s"
"M0721","Ye","r/r","s/s"
"M0722","WR","R/r","S/+"
"M0723","Ye","r/r","s/s"
"M0725","Wh","r/r","S/+"
"M0727","FR","R/R","S/+"
"M0729","FR","R/R","S/+"
"M0730","FR","R/R","S/+"
"M0731","FR","R/R","S/+"
"M0732","FR","R/R","S/+"
"M0735","FR","R/R","S/+"
"K1632","WO","R/r","s/s"
"M0738","FR","R/R","S/+"
"M0739","FR","R/R","S/+"
"M0740","FR","R/R","S/+"
"M0741","FR","R/R","S/+"
"K1173","FR","R/R","S/+"
"M0746","FR","R/R","S/+"
"M0747","Ye","r/r","s/s"
"M0748","FR","R/R","S/+"
"M0752","FR","R/R","S/+"
"K0595","FR","R/R","S/+"
"M0759","WR","R/r","S/+"
"M0760","WR","R/r","S/+"
"M0761","FR","R/R","S/+"
"M0763","WR","R/r","S/+"
"M0764","FR","R/R","S/+"
"M0765","FR","R/R","S/+"
"M0766","FR","R/R","S/+"
"M0767","FR","R/R","S/+"
"M0769","FR","R/R","S/+"
"M0771","WR","R/r","S/+"
"M0774","WR","R/r","S/+"
"M0775","FR","R/R","S/+"
"M0776","FR","R/R","S/+"
"M0777","FR","R/R","S/+"
"M0778","FR","R/R","S/+"
"M0780","FR","R/R","S/+"
"M0781","WR","R/r","S/+"
"M0782","FR","R/R","S/+"
"M0785","FR","R/R","S/+"
"M0786","FR","R/R","S/+"
"M0787","FR","R/R","S/+"
"M0788","FR","R/R","S/+"
"J0453","FR","R/R","S/+"
"M0791","FR","R/R","S/+"
"M0792","Ye","r/r","s/s"
"M0793","Ye","r/r","s/s"
"M0794","FR","R/R","S/+"
"M0796","FR","R/R","S/+"
"M0798","Wh","r/r","S/+"
"M0799","FR","R/R","S/+"
"M0801","Ye","r/r","s/s"
"M0804","FR","R/R","S/+"
"M0805","FR","R/R","S/+"
"M0807","FR","R/R","S/+"
"M0808","FR","R/R","S/+"
"M0810","WR","R/r","S/+"
"M0813","Ye","r/r","s/s"
"M0814","FR","R/R","S/+"
"M0815","WR","R/r","S/+"
"M0816","FO","R/R","s/s"
"M0817","Ye","r/r","s/s"
"M0820","FR","R/R","S/+"
"M0822","Ye","r/r","s/s"
"M0824","FR","R/R","S/+"
"M0827","FR","R/R","S/+"
"M0828","FR","R/R","S/+"
"M0829","FR","R/R","S/+"
"M0830","WR","R/r","S/+"
"M0832","Ye","r/r","s/s"
"M0835","Ye","r/r","s/s"
"M0839","WO","R/r","s/s"
"M0840","FR","R/R","S/+"
"M0841","FR","R/R","S/+"
"M0842","WR","R/r","S/+"
"M0844","Ye","r/r","s/s"
"M0848","Ye","r/r","s/s"
"M0849","FR","R/R","S/+"
"M0850","Ye","r/r","s/s"
"M0851","WO","R/r","s/s"
"M0852","Ye","r/r","s/s"
"M0853","FR","R/R","S/+"
"M0854","FR","R/R","S/+"
"M0856","Ye","r/r","s/s"
"M0857","FR","R/R","S/+"
"M0859","FR","R/R","S/+"
"M0860","FR","R/R","S/+"
"M0861","Wh","r/r","S/+"
"M0866","FR","R/R","S/+"
"M0867","FR","R/R","S/+"
"M0873","FR","R/R","S/+"
"M0877","FR","R/R","S/+"
"M0878","FR","R/R","S/+"
"M0880","Wh","r/r","S/+"
"M0883","WO","R/r","s/s"
"M0884","WO","R/r","s/s"
"M0888","Ye","r/r","s/s"
"M0897","Ye","r/r","s/s"
"M0898","Ye","r/r","s/s"
"M0899","Ye","r/r","s/s"
"M0900","FR","R/R","S/+"
"M0921","Ye","r/r","s/s"
"M0922","Ye","r/r","s/s"
"M0902","Ye","r/r","s/s"
"M0927","WO","R/r","s/s"
"M0931","Ye","r/r","s/s"
"M0932","WO","R/r","s/s"
"M0933","Ye","r/r","s/s"
"M0935","WR","R/r","S/+"
"M0936","WO","R/r","s/s"
"M0938","Ye","r/r","s/s"
"M0939","WO","R/r","s/s"
"M0944","Ye","r/r","s/s"
"M0948","WR","R/r","S/+"
"M0949","Ye","r/r","s/s"
"M0950","Ye","r/r","s/s"
"M0952","Ye","r/r","s/s"
"M0953","Ye","r/r","s/s"
"M0956","Ye","r/r","s/s"
"M0957","Ye","r/r","s/s"
"M0961","Ye","r/r","s/s"
"M0970","Ye","r/r","s/s"
"M0971","Ye","r/r","s/s"
"M0972","Ye","r/r","s/s"
"M0973","Ye","r/r","s/s"
"M0975","WO","R/r","s/s"
"M0976","Ye","r/r","s/s"
"M0980","Ye","r/r","s/s"
"M0982","Ye","r/r","s/s"
"M0984","Ye","r/r","s/s"
"M0986","Ye","r/r","s/s"
"M0987","WO","R/r","s/s"
"M0989","WO","R/r","s/s"
"M0991","Ye","r/r","s/s"
"M0995","Ye","r/r","s/s"
"M0996","FR","R/R","S/+"
"M0997","Wh","r/r","S/+"
"M1001","Ye","r/r","s/s"
"M1002","Ye","r/r","s/s"
"M1004","FR","R/R","S/+"
"M1005","Wh","r/r","S/+"
"M1006","WR","R/r","S/+"
"K1804","Wh","r/r","S/+"
"M1008","Wh","r/r","S/+"
"M1009","FR","R/R","S/+"
"M1013","Ye","r/r","s/s"
"M1015","Ye","r/r","s/s"
"M1016","WR","R/r","S/+"
"M1017","Ye","r/r","s/s"
"M1018","Wh","r/r","S/+"
"M1019","Ye","r/r","s/s"
"M1020","FO","R/R","s/s"
"M1022","FR","R/R","S/+"
"M1024","WR","R/r","S/+"
"M1025","WO","R/r","s/s"
"M1028","WR","R/r","S/+"
"M1029","WR","R/r","S/+"
"M1030","Ye","r/r","s/s"
"M1032","Ye","r/r","s/s"
"M1033","FO","R/R","s/s"
"M1034","Ye","r/r","s/s"
"M1035","FR","R/R","S/+"
"M1038","FR","R/R","S/+"
"M1039","WR","R/r","S/+"
"M1040","FO","R/R","s/s"
"M1041","Ye","r/r","s/s"
"M1043","Ye","r/r","s/s"
"K0536","WR","R/r","S/+"
"M1047","FR","R/R","S/+"
"M1048","FR","R/R","S/+"
"M1049","Ye","r/r","s/s"
"M1051","FR","R/R","S/+"
"M1054","FR","R/R","S/+"
"M1056","FO","R/R","s/s"
"M1057","FR","R/R","S/+"
"M1058","FR","R/R","S/+"
"M1061","Wh","r/r","S/+"
"M1062","FR","R/R","S/+"
"M1064","FR","R/R","S/+"
"M1065","FO","R/R","s/s"
"M1066","FR","R/R","S/+"
"M1068","FR","R/R","S/+"
"M1069","FR","R/R","S/+"
"M1072","FR","R/R","S/+"
"M1075","FR","R/R","S/+"
"M1076","FR","R/R","S/+"
"M1081","WO","R/r","s/s"
"K0773","WR","R/r","S/+"
"M1092","FR","R/R","S/+"
"M1094","FR","R/R","S/+"
"M1100","FR","R/R","S/+"
"M1101","FR","R/R","S/+"
"M1102","FR","R/R","S/+"
"M1104","FR","R/R","S/+"
"M1106","FR","R/R","S/+"
"M1108","FR","R/R","S/+"
"M1109","FR","R/R","S/+"
"M1110","FR","R/R","S/+"
"M1111","FR","R/R","S/+"
"M1112","FR","R/R","S/+"
"M1113","FR","R/R","S/+"
"M1114","FR","R/R","S/+"
"M1116","FO","R/R","s/s"
"M1118","FR","R/R","S/+"
"M1119","FR","R/R","S/+"
"M1122","FR","R/R","S/+"
"M1123","FR","R/R","S/+"
"M1124","FR","R/R","S/+"
"M1125","FR","R/R","S/+"
"M1130","FR","R/R","S/+"
"M1131","FR","R/R","S/+"
"M1132","FR","R/R","S/+"
"M1133","FR","R/R","S/+"
"M1135","FR","R/R","S/+"
"M1136","FR","R/R","S/+"
"M1137","FR","R/R","S/+"
"M1138","FO","R/R","s/s"
"M1139","FR","R/R","S/+"
"M1141","FR","R/R","S/+"
"M1142","FR","R/R","S/+"
"M1145","FR","R/R","S/+"
"M1146","FR","R/R","S/+"
"M1147","FR","R/R","S/+"
"M1148","FR","R/R","S/+"
"M1149","FR","R/R","S/+"
"M1150","FR","R/R","S/+"
"M1152","FR","R/R","S/+"
"M1153","Ye","r/r","s/s"
"M1157","WO","R/r","s/s"
"M1158","Ye","r/r","s/s"
"M1161","FR","R/R","S/+"
"M1162","FR","R/R","S/+"
"M1165","FR","R/R","S/+"
"M1166","Ye","r/r","s/s"
"M1167","Ye","r/r","s/s"
"M1168","FR","R/R","S/+"
"M1170","FR","R/R","S/+"
"M1172","Ye","r/r","s/s"
"M1174","FR","R/R","S/+"
"M1175","Ye","r/r","s/s"
"M1176","Ye","r/r","s/s"
"M1178","FR","R/R","S/+"
"M1179","FR","R/R","S/+"
"M1181","Ye","r/r","s/s"
"M1184","Ye","r/r","s/s"
"M1185","Ye","r/r","s/s"
"M1186","Ye","r/r","s/s"
"M1187","Wh","r/r","S/+"
"M1188","Ye","r/r","s/s"
"M1189","FR","R/R","S/+"
"M1190","Ye","r/r","s/s"
"M1191","WO","R/r","s/s"
"M1192","Ye","r/r","s/s"
"M1194","Ye","r/r","s/s"
"M1195","Ye","r/r","s/s"
"M1196","FO","R/R","s/s"
"M1197","Ye","r/r","s/s"
"M1199","WR","R/r","S/+"
"M1202","WO","R/r","s/s"
"M1203","Ye","r/r","s/s"
"M1204","Ye","r/r","s/s"
"M1205","WR","R/r","S/+"
"M1208","Ye","r/r","s/s"
"M1209","Ye","r/r","s/s"
"M1210","Ye","r/r","s/s"
"M1212","Ye","r/r","s/s"
"M1213","Ye","r/r","s/s"
"M1217","WO","R/r","s/s"
"M1221","Ye","r/r","s/s"
"M1223","FR","R/R","S/+"
"M1224","WR","R/r","S/+"
"M1226","Ye","r/r","s/s"
"M1227","WO","R/r","s/s"
"M1228","WR","R/r","S/+"
"M1230","Ye","r/r","s/s"
"M1231","WR","R/r","S/+"
"M1232","Ye","r/r","s/s"
"M1233","FO","R/R","s/s"
"M1237","FR","R/R","S/+"
"M1240","Ye","r/r","s/s"
"M1241","Ye","r/r","s/s"
"M1242","WR","R/r","S/+"
"M1244","Wh","r/r","S/+"
"M1246","WR","R/r","S/+"
"M1249","WO","R/r","s/s"
"M1258","FR","R/R","S/+"
"M1261","FR","R/R","S/+"
"M1262","FR","R/R","S/+"
"M1263","FR","R/R","S/+"
"M1267","Ye","r/r","s/s"
"M1268","FR","R/R","S/+"
"M1270","WR","R/r","S/+"
"M1271","FR","R/R","S/+"
"M1272","FR","R/R","S/+"
"M1274","WR","R/r","S/+"
"M1277","FR","R/R","S/+"
"M1278","FR","R/R","S/+"
"M1280","FR","R/R","S/+"
"M1281","FR","R/R","S/+"
"M1282","FR","R/R","S/+"
"M1285","FR","R/R","S/+"
"M1286","FR","R/R","S/+"
"M1289","FR","R/R","S/+"
"M1290","FR","R/R","S/+"
"M1291","FR","R/R","S/+"
"M1294","WR","R/r","S/+"
"M1295","FR","R/R","S/+"
"M1296","FR","R/R","S/+"
"M1297","FR","R/R","S/+"
"M1298","FR","R/R","S/+"
"M1303","FR","R/R","S/+"
"M1305","FR","R/R","S/+"
"M1306","WR","R/r","S/+"
"M1307","FR","R/R","S/+"
"M1310","Ye","r/r","s/s"
"M1311","WR","R/r","S/+"
"M1315","FR","R/R","S/+"
"M1317","FO","R/R","s/s"
"M1319","FR","R/R","S/+"
"M1320","FO","R/R","s/s"
"M1323","Wh","r/r","S/+"
"M1324","FR","R/R","S/+"
"M1326","WR","R/r","S/+"
"M1328","FR","R/R","S/+"
"M1329","FR","R/R","S/+"
"M1331","FR","R/R","S/+"
"M1332","FR","R/R","S/+"
"M1336","FR","R/R","S/+"
"M1340","FR","R/R","S/+"
"M1345","FR","R/R","S/+"
"M1346","FR","R/R","S/+"
"M1348","FR","R/R","S/+"
"M1350","FR","R/R","S/+"
"M1351","FR","R/R","S/+"
"M1353","Ye","r/r","s/s"
"M1356","Ye","r/r","s/s"
"M1358","FR","R/R","S/+"
"M1360","Ye","r/r","s/s"
"M1362","WR","R/r","S/+"
"M1363","Ye","r/r","s/s"
"M1364","WR","R/r","S/+"
"M1367","Wh","r/r","S/+"
"M1372","FO","R/R","s/s"
"M1373","Ye","r/r","s/s"
"M1374","Ye","r/r","s/s"
"M1375","WO","R/r","s/s"
"K1661","Ye","r/r","s/s"
"M1377","WO","R/r","s/s"
"M1378","Ye","r/r","s/s"
"M1379","WR","R/r","S/+"
"M1381","WR","R/r","S/+"
"M1383","FO","R/R","s/s"
"M1384","Ye","r/r","s/s"
"M1386","Ye","r/r","s/s"
"M1388","FR","R/R","S/+"
"M1389","Ye","r/r","s/s"
"M1390","WR","R/r","S/+"
"M1391","Ye","r/r","s/s"
"M1392","Ye","r/r","s/s"
"M1394","WR","R/r","S/+"
"M1396","FO","R/R","s/s"
"M1397","WR","R/r","S/+"
"M1398","FR","R/R","S/+"
"M1399","Ye","r/r","s/s"
"M1403","Ye","r/r","s/s"
"M1404","Ye","r/r","s/s"
"M1405","Ye","r/r","s/s"
"M1406","Ye","r/r","s/s"
"M1407","Ye","r/r","s/s"
"M1408","Ye","r/r","s/s"
"M1409","Ye","r/r","s/s"
"M1411","Ye","r/r","s/s"
"M1412","FO","R/R","s/s"
"M1417","Ye","r/r","s/s"
"M1418","Ye","r/r","s/s"
"M1421","Ye","r/r","s/s"
"M1424","Ye","r/r","s/s"
"M1427","Ye","r/r","s/s"
"M1428","Ye","r/r","s/s"
"M1429","Ye","r/r","s/s"
"M1431","Ye","r/r","s/s"
"M1432","Ye","r/r","s/s"
"M1433","Ye","r/r","s/s"
"M1434","Ye","r/r","s/s"
"M1436","Ye","r/r","s/s"
"M1438","Ye","r/r","s/s"
"M1439","Ye","r/r","s/s"
"M1440","Ye","r/r","s/s"
"M1442","Ye","r/r","s/s"
"M1445","FR","R/R","S/+"
"M1452","FO","R/R","s/s"
"M1454","WR","R/r","S/+"
"M1457","FR","R/R","S/+"
"M1458","WR","R/r","S/+"
"M1459","FR","R/R","S/+"
"M1460","WR","R/r","S/+"
"M1461","FR","R/R","S/+"
"M1462","FR","R/R","S/+"
"M1463","WO","R/r","s/s"
"M1464","FR","R/R","S/+"
"M1465","WR","R/r","S/+"
"M1466","Wh","r/r","S/+"
"M1468","FR","R/R","S/+"
"M1469","WR","R/r","S/+"
"M1470","FO","R/R","s/s"
"M1473","FR","R/R","S/+"
"M1474","WR","R/r","S/+"
"M1475","WR","R/r","S/+"
"M1476","WR","R/r","S/+"
"M1477","FR","R/R","S/+"
"M1478","WR","R/r","S/+"
"K0508","WR","R/r","S/+"
"M1480","FR","R/R","S/+"
"M1481","WR","R/r","S/+"
"M1482","FR","R/R","S/+"
"M1483","FR","R/R","S/+"
"M1484","Wh","r/r","S/+"
"M1486","Ye","r/r","s/s"
"M1489","FR","R/R","S/+"
"M1490","Ye","r/r","s/s"
"M1491","FR","R/R","S/+"
"M1492","FR","R/R","S/+"
"M1494","FR","R/R","S/+"
"M1496","Ye","r/r","s/s"
"M1497","FR","R/R","S/+"
"M1498","FR","R/R","S/+"
"M1499","Ye","r/r","s/s"
"M1500","FR","R/R","S/+"
"M1501","WO","R/r","s/s"
"M1503","FR","R/R","S/+"
"K1664","Ye","r/r","s/s"
"M1506","FR","R/R","S/+"
"M1507","Ye","r/r","s/s"
"M1513","Ye","r/r","s/s"
"M1514","FR","R/R","S/+"
"M1516","FR","R/R","S/+"
"M1518","FR","R/R","S/+"
"M1519","WR","R/r","S/+"
"M1521","Ye","r/r","s/s"
"M1523","FR","R/R","S/+"
"M1526","Ye","r/r","s/s"
"M1528","Ye","r/r","s/s"
"M1529","Ye","r/r","s/s"
"J1337","WO","R/r","s/s"
"M1533","Ye","r/r","s/s"
"M1535","FR","R/R","S/+"
"M1537","FR","R/R","S/+"
"M1538","Ye","r/r","s/s"
"M1539","Ye","r/r","s/s"
"M1542","Ye","r/r","s/s"
"M1543","FR","R/R","S/+"
"M1547","WO","R/r","s/s"
"M1549","Wh","r/r","S/+"
"M1550","Wh","r/r","S/+"
"M1551","Ye","r/r","s/s"
"M1554","Ye","r/r","s/s"
"M1555","Wh","r/r","S/+"
"M1556","Ye","r/r","s/s"
"M1557","Ye","r/r","s/s"
"M1559","Ye","r/r","s/s"
"M1560","Ye","r/r","s/s"
"M1562","Ye","r/r","s/s"
"M1563","Ye","r/r","s/s"
"M1564","Ye","r/r","s/s"
"M1566","Ye","r/r","s/s"
"M1567","Ye","r/r","s/s"
"M1568","Ye","r/r","s/s"
"M1569","Ye","r/r","s/s"
"M1250","Ye","r/r","s/s"
"M1571","Ye","r/r","s/s"
"M1573","Ye","r/r","s/s"
"M1574","WO","R/r","s/s"
"M1577","Ye","r/r","s/s"
"M1578","Ye","r/r","s/s"
"M1580","Ye","r/r","s/s"
"M1581","WO","R/r","s/s"
"M1583","Ye","r/r","s/s"
"M1584","Ye","r/r","s/s"
"M1585","Ye","r/r","s/s"
"M1591","Ye","r/r","s/s"
"M1593","FR","R/R","S/+"
"M1594","Ye","r/r","s/s"
"M1597","FO","R/R","s/s"
"M1599","Ye","r/r","s/s"
"M1600","Ye","r/r","s/s"
"M1601","FR","R/R","S/+"
"M1602","Ye","r/r","s/s"
"M1603","Ye","r/r","s/s"
"M1604","Wh","r/r","S/+"
"M1605","FR","R/R","S/+"
"M1606","Ye","r/r","s/s"
"M1607","Ye","r/r","s/s"
"M1610","Ye","r/r","s/s"
"M1611","FR","R/R","S/+"
"M1612","WR","R/r","S/+"
"J1675","Wh","r/r","S/+"
"M1614","Ye","r/r","s/s"
"M1615","Ye","r/r","s/s"
"M1617","FR","R/R","S/+"
"M1618","Ye","r/r","s/s"
"M1619","Ye","r/r","s/s"
"M1621","WR","R/r","S/+"
"M1623","FO","R/R","s/s"
"M1625","WO","R/r","s/s"
"M1626","Ye","r/r","s/s"
"M1628","WR","R/r","S/+"
"M1631","WR","R/r","S/+"
"M1633","Ye","r/r","s/s"
"M1634","WO","R/r","s/s"
"M1638","FR","R/R","S/+"
"M1639","Ye","r/r","s/s"
"M1640","Ye","r/r","s/s"
"M1641","WR","R/r","S/+"
"M1644","Wh","r/r","S/+"
"M1647","FR","R/R","S/+"
"M1652","FR","R/R","S/+"
"M1653","Ye","r/r","s/s"
"M1654","Wh","r/r","S/+"
"M1655","Wh","r/r","S/+"
"M1656","WO","R/r","s/s"
"M1658","FR","R/R","S/+"
"M1660","FR","R/R","S/+"
"M1662","Ye","r/r","s/s"
"M1663","FR","R/R","S/+"
"M1666","FO","R/R","s/s"
"M1667","FR","R/R","S/+"
"M1668","Ye","r/r","s/s"
"M1669","Ye","r/r","s/s"
"M1670","WR","R/r","S/+"
"M1672","WO","R/r","s/s"
"M1675","Ye","r/r","s/s"
"M1678","FO","R/R","s/s"
"M1679","Ye","r/r","s/s"
"M1680","Ye","r/r","s/s"
"M1681","Ye","r/r","s/s"
"M1683","Ye","r/r","s/s"
"M1684","Ye","r/r","s/s"
"M1686",NA,NA,NA
"M1687","Ye","r/r","s/s"
"M1688","Ye","r/r","s/s"
"M1689","WR","R/r","S/+"
"M1690","Wh","r/r","S/+"
"M1691","Ye","r/r","s/s"
"M1692","WO","R/r","s/s"
"M1693","Ye","r/r","s/s"
"M1694","WO","R/r","s/s"
"M1695","Ye","r/r","s/s"
"M1698","Ye","r/r","s/s"
"M1699","FO","R/R","s/s"
"M1700","Ye","r/r","s/s"
"M1701","Ye","r/r","s/s"
"M1702","Ye","r/r","s/s"
"M1703","FR","R/R","S/+"
"M1706","WO","R/r","s/s"
"M1707","FR","R/R","S/+"
"M1708","Wh","r/r","S/+"
"M1709","Ye","r/r","s/s"
"M1710","Ye","r/r","s/s"
"M1713","WO","R/r","s/s"
"M1714","Ye","r/r","s/s"
"M1715","Ye","r/r","s/s"
"M1716","FR","R/R","S/+"
"M1719","Ye","r/r","s/s"
"M1722","Ye","r/r","s/s"
"M1723","Ye","r/r","s/s"
"M1724","Ye","r/r","s/s"
"M1725","Ye","r/r","s/s"
"M1726","Ye","r/r","s/s"
"M1727","WR","R/r","S/+"
"M1728","Ye","r/r","s/s"
"M1729","Ye","r/r","s/s"
"K0582","FR","R/R","S/+"
"K0584","FO","R/R","s/s"
"M1732","FO","R/R","s/s"
"M1733","Ye","r/r","s/s"
"M1734","Ye","r/r","s/s"
"M1735","Ye","r/r","s/s"
"M1740","Ye","r/r","s/s"
"M1741","Ye","r/r","s/s"
"M1742","FO","R/R","s/s"
"M1743","Ye","r/r","s/s"
"M1744","FR","R/R","S/+"
"M1746","Ye","r/r","s/s"
"M1748","FO","R/R","s/s"
"M1751","FR","R/R","S/+"
"M1753","Ye","r/r","s/s"
"M1754","FR","R/R","S/+"
"M1757","Ye","r/r","s/s"
"M1758","Ye","r/r","s/s"
"M1759","Wh","r/r","S/+"
"M1760","WR","R/r","S/+"
"M1761","Ye","r/r","s/s"
"M1762","FR","R/R","S/+"
"M1764","FR","R/R","S/+"
"M1765","WO","R/r","s/s"
"M1766","FR","R/R","S/+"
"M1767","Wh","r/r","S/+"
"M1769","WR","R/r","S/+"
"M1770","FR","R/R","S/+"
"K0448","FR","R/R","S/+"
"M1773","FR","R/R","S/+"
"M1775","FR","R/R","S/+"
"M1776","Wh","r/r","S/+"
"M1777","WR","R/r","S/+"
"M1778","Ye","r/r","s/s"
"M1779","Ye","r/r","s/s"
"M1780","WR","R/r","S/+"
"M1781","FR","R/R","S/+"
"M1783","FO","R/R","s/s"
"M1785","FR","R/R","S/+"
"M1786","Wh","r/r","S/+"
"M1787","FR","R/R","S/+"
"M1788","FR","R/R","S/+"
"M1791","WO","R/r","s/s"
"M1792","FR","R/R","S/+"
"M1795","Ye","r/r","s/s"
"M1796","WR","R/r","S/+"
"M1799","WR","R/r","S/+"
"K1156","Wh","r/r","S/+"
"M1801","Ye","r/r","s/s"
"M1802","FR","R/R","S/+"
"M1803","FR","R/R","S/+"
"M1805","FO","R/R","s/s"
"M1806","FR","R/R","S/+"
"M1807","WR","R/r","S/+"
"M1808","Ye","r/r","s/s"
"M1809","WR","R/r","S/+"
"M1813","Ye","r/r","s/s"
"M1814","FR","R/R","S/+"
"M1815","FR","R/R","S/+"
"M1818","FR","R/R","S/+"
"M1819","Ye","r/r","s/s"
"M1821","FR","R/R","S/+"
"M1823","FR","R/R","S/+"
"K0631","Ye","r/r","s/s"
"M1826","WR","R/r","S/+"
"M1828","Ye","r/r","s/s"
"M1829","FR","R/R","S/+"
"M1830","WO","R/r","s/s"
"M1831","Ye","r/r","s/s"
"M1832","FR","R/R","S/+"
"M1833","FR","R/R","S/+"
"M1834","FR","R/R","S/+"
"M1835","Wh","r/r","S/+"
"M1837","Wh","r/r","S/+"
"K0422","WO","R/r","s/s"
"M1839","Wh","r/r","S/+"
"M1840","FO","R/R","s/s"
"M1841","FR","R/R","S/+"
"M1843","FO","R/R","s/s"
"M1846","WR","R/r","S/+"
"M1847","FR","R/R","S/+"
"M1849","FR","R/R","S/+"
"M1850","FR","R/R","S/+"
"M1851",NA,NA,NA
"M1852","FR","R/R","S/+"
"M1856","Ye","r/r","s/s"
"M1858","FR","R/R","S/+"
"M1861","Ye","r/r","s/s"
"M1862","Ye","r/r","s/s"
"M1863","Ye","r/r","s/s"
"M1864","FR","R/R","S/+"
"M1865","Ye","r/r","s/s"
"M1866","Ye","r/r","s/s"
"M1867","Ye","r/r","s/s"
"M1868","Ye","r/r","s/s"
"M1869","Ye","r/r","s/s"
"M1870","Ye","r/r","s/s"
"M1871",NA,NA,NA
"M1872","Ye","r/r","s/s"
"M1874","FO","R/R","s/s"
"M1875","FR","R/R","S/+"
"M1876","FO","R/R","s/s"
"M1877","Ye","r/r","s/s"
"M1879","Ye","r/r","s/s"
"M1880",NA,NA,NA
"M1881","FR","R/R","S/+"
"K1920","FR","R/R","S/+"
"M1883","FR","R/R","S/+"
"M1885","FR","R/R","S/+"
"M1886","Ye","r/r","s/s"
"M1889","FR","R/R","S/+"
"M1890","FR","R/R","S/+"
"M1891","FR","R/R","S/+"
"M1892","FR","R/R","S/+"
"M1894","Wh","r/r","S/+"
"M1895","FR","R/R","S/+"
"K1928","FR","R/R","S/+"
"K1390","FR","R/R","S/+"
"M1899","WR","R/r","S/+"
"M1901","FR","R/R","S/+"
"M1903","FR","R/R","S/+"
"M1904","FR","R/R","S/+"
"M1905","FR","R/R","S/+"
"M1906","FR","R/R","S/+"
"M1908","FR","R/R","S/+"
"M1909","FR","R/R","S/+"
"M1910","FR","R/R","S/+"
"M1911","FR","R/R","S/+"
"M1912","FR","R/R","S/+"
"M1913","WR","R/r","S/+"
"M1915","FR","R/R","S/+"
"M1916","FR","R/R","S/+"
"M1917","FR","R/R","S/+"
"K2033","FR","R/R","S/+"
"M1920","FR","R/R","S/+"
"M1922","WR","R/r","S/+"
"M1923","WR","R/r","S/+"
"M1924","FR","R/R","S/+"
"M1925","FR","R/R","S/+"
"M1926","WO","R/r","s/s"
"M1927","FR","R/R","S/+"
"M1929","WO","R/r","s/s"
"M1930","FR","R/R","S/+"
"M1931","FO","R/R","s/s"
"M1932","FR","R/R","S/+"
"M1934","FR","R/R","S/+"
"M1935","FR","R/R","S/+"
"M1936","FR","R/R","S/+"
"M1938","FR","R/R","S/+"
"M1939","FR","R/R","S/+"
"M1940","WR","R/r","S/+"
"M1941","FR","R/R","S/+"
"M1942","FO","R/R","s/s"
"M1943","WR","R/r","S/+"
"M1944","FR","R/R","S/+"
"M1945","FR","R/R","S/+"
"M1946","FR","R/R","S/+"
"M1947","Wh","r/r","S/+"
"M1948","WR","R/r","S/+"
"M1949","FO","R/R","s/s"
"M1950","FR","R/R","S/+"
"M1951","FO","R/R","s/s"
"M1953","FR","R/R","S/+"
"M1954","Ye","r/r","s/s"
"M1955","WO","R/r","s/s"
"M1956","FR","R/R","S/+"
"M1958","Wh","r/r","S/+"
"M1959","Ye","r/r","s/s"
"M1961","FR","R/R","S/+"
"M1963","FR","R/R","S/+"
"M1967",NA,NA,NA
"M1972","FR","R/R","S/+"
"M1977","Ye","r/r","s/s"
"M1978","FR","R/R","S/+"
"M1982","Ye","r/r","s/s"
"M1983","Ye","r/r","s/s"
"M1984","FR","R/R","S/+"
"M1985","FR","R/R","S/+"
"M1989","Ye","r/r","s/s"
"M1990","Ye","r/r","s/s"
"M1996","Ye","r/r","s/s"
"M1998","Wh","r/r","S/+"
"M1999","Wh","r/r","S/+"
"M2013","FR","R/R","S/+"
"M2016",NA,NA,NA
"M2018",NA,NA,NA
"M2025","FR","R/R","S/+"
"J0416","FR","R/R","S/+"
"M2032","FO","R/R","s/s"
"M2036","FR","R/R","S/+"
"M2039","FR","R/R","S/+"
"M2040","FR","R/R","S/+"
"M2041","FR","R/R","S/+"
"M2043","FR","R/R","S/+"
"M2044","FR","R/R","S/+"
"M2046","FR","R/R","S/+"
"M2048","FR","R/R","S/+"
"M2049","FR","R/R","S/+"
"M0469","FR","R/R","S/+"
"M0476","WR","R/r","S/+"
"M0149","FO","R/R","s/s"
"M0433","WR","R/r","S/+"
"M0230","Wh","r/r","S/+"
"K1292",NA,NA,NA
"M0031","WR","R/r","S/+"
"M0819","FR","R/R","S/+"
"M0502","WR","R/r","S/+"
"M0220","Ye","r/r","s/s"
"M0373","FR","R/R","S/+"
"K0626","FR","R/R","S/+"
"K1809","WR","R/r","S/+"
"M0345","Ye","r/r","s/s"
"M0204","WO","R/r","s/s"
"M0784","Wh","r/r","S/+"
"M1768","FR","R/R","S/+"
"M0328","FR","R/R","S/+"
"K1285","FR","R/R","S/+"
"M0954","Ye","r/r","s/s"
"M0168","Ye","r/r","s/s"
"M0633","WO","R/r","s/s"
"M1207","Ye","r/r","s/s"
"J0156","FR","R/R","S/+"
"K1895","FR","R/R","S/+"
"M1275","FR","R/R","S/+"
"M1260","FR","R/R","S/+"
"M1288","FR","R/R","S/+"
"M0692","FR","R/R","S/+"
"M1330","FR","R/R","S/+"
"M0745","WR","R/r","S/+"
"K1987","FR","R/R","S/+"
"M0078","FR","R/R","S/+"
"M0783","WR","R/r","S/+"
"M0408","Ye","r/r","s/s"
"M1952","WO","R/r","s/s"
"M0621","Ye","r/r","s/s"
"M1659","FO","R/R","s/s"
"M1677","Wh","r/r","S/+"
"K1141","FO","R/R","s/s"
"M0047","Ye","r/r","s/s"
"K0558","Wh","r/r","S/+"
"M0186","WO","R/r","s/s"
"M0214","Ye","r/r","s/s"
"M0751","FR","R/R","S/+"
"M0647","Ye","r/r","s/s"
"K0141","FR","R/R","S/+"
"K0731","FR","R/R","S/+"
"K0863","FR","R/R","S/+"
"K1026","FR","R/R","S/+"
"K1048","FR","R/R","S/+"
"K1623","FR","R/R","S/+"
"K1670","Ye","r/r","s/s"
"K1852",NA,NA,NA
"K1881","Wh","r/r","S/+"
"K1918","FR","R/R","S/+"
"K1954","FR","R/R","S/+"
"K1977","FR","R/R","S/+"
"K2035","FR","R/R","S/+"
"M1825","WR","R/r","S/+"
"M1402","Ye","r/r","s/s"
"M0837","WR","R/r","S/+"
"M1318","FR","R/R","S/+"
"M1059","FO","R/R","s/s"
"M1845","FR","R/R","S/+"
"M1343","Ye","r/r","s/s"
"M0432","FO","R/R","s/s"
"J0171","WR","R/r","S/+"
"J0422","FR","R/R","S/+"
"J1246","Wh","r/r","S/+"
"J1251","FR","R/R","S/+"
"K0133","FO","R/R","s/s"
"K0475","FR","R/R","S/+"
"K0479","FO","R/R","s/s"
"K0635","WR","R/r","S/+"
"K0652","FO","R/R","s/s"
"K1439","WR","R/r","S/+"
"K1658","FR","R/R","S/+"
"K1719","WR","R/r","S/+"
"K1759",NA,NA,NA
"K1795","WR","R/r","S/+"
"K1797","WR","R/r","S/+"
"K1826","Ye","r/r","s/s"
"K1859","Ye","r/r","s/s"
"M1540","Ye","r/r","s/s"
"M1736","Ye","r/r","s/s"
"M1671","Wh","r/r","S/+"
"M1553","Ye","r/r","s/s"
"M1283","FR","R/R","S/+"
"M0274","FR","R/R","S/+"
"M0165","Ye","r/r","s/s"
"M0156","Ye","r/r","s/s"
"M0173","WO","R/r","s/s"
"M0387","WO","R/r","s/s"
"M0392","WO","R/r","s/s"
"M0404","WR","R/r","S/+"
"M0407","WO","R/r","s/s"
"M0409","WO","R/r","s/s"
"M0448","FO","R/R","s/s"
"M0498","WO","R/r","s/s"
"M0503","FR","R/R","S/+"
"M0614","Ye","r/r","s/s"
"M0711","Ye","r/r","s/s"
"M0809","WR","R/r","S/+"
"M0818","Wh","r/r","S/+"
"M0875","WO","R/r","s/s"
"M0904","Ye","r/r","s/s"
"M0913","WO","R/r","s/s"
"M0917","FO","R/R","s/s"
"M1198","FR","R/R","S/+"
"M1279","Wh","r/r","S/+"
"M1284","FR","R/R","S/+"
"M1301","WR","R/r","S/+"
"M1380","Ye","r/r","s/s"
"M1393","WR","R/r","S/+"
"M1565","Ye","r/r","s/s"
"M1598","Ye","r/r","s/s"
"M1630","FO","R/R","s/s"
"M1933","FR","R/R","S/+"
"M0002","Wh","r/r","S/+"
"M0005","FR","R/R","S/+"
"M0008","Wh","r/r","S/+"
"M0018","WO","R/r","s/s"
"M0023","WR","R/r","S/+"
"M0024","FR","R/R","S/+"
"M0025","FR","R/R","S/+"
"M0039","FR","R/R","S/+"
"M0058","FR","R/R","S/+"
"M0062","FR","R/R","S/+"
"M0071","FR","R/R","S/+"
"M0073","FR","R/R","S/+"
"M0083","FR","R/R","S/+"
"M0085","FR","R/R","S/+"
"M0086","FR","R/R","S/+"
"M0103","WR","R/r","S/+"
"M0108","WR","R/r","S/+"
"M0109","FR","R/R","S/+"
"M0110","FR","R/R","S/+"
"M0111","FR","R/R","S/+"
"M0112","FR","R/R","S/+"
"M0113","FR","R/R","S/+"
"M0115","FR","R/R","S/+"
"M0116","FR","R/R","S/+"
"M0124","FR","R/R","S/+"
"M0126","WR","R/r","S/+"
"M0130","WO","R/r","s/s"
"M0134","FR","R/R","S/+"
"M0140","FR","R/R","S/+"
"M0152","Ye","r/r","s/s"
"M0154","Ye","r/r","s/s"
"M0163","Ye","r/r","s/s"
"M0164","WO","R/r","s/s"
"M0167","Ye","r/r","s/s"
"M0171","FO","R/R","s/s"
"M0176","Ye","r/r","s/s"
"M0180","Ye","r/r","s/s"
"M0191","Ye","r/r","s/s"
"M0193","Ye","r/r","s/s"
"M0200","WO","R/r","s/s"
"M0201","Ye","r/r","s/s"
"M0203","Wh","r/r","S/+"
"M0210","FO","R/R","s/s"
"M0212","FR","R/R","S/+"
"M0216","WR","R/r","S/+"
"M0218","Ye","r/r","s/s"
"M0221","Wh","r/r","S/+"
"M0222","Ye","r/r","s/s"
"M0225","WO","R/r","s/s"
"M0227","FR","R/R","S/+"
"M0234","WR","R/r","S/+"
"M0237","Wh","r/r","S/+"
"M0244","Ye","r/r","s/s"
"M0275","WR","R/r","S/+"
"M0276","WR","R/r","S/+"
"M0289","FR","R/R","S/+"
"M0298","FR","R/R","S/+"
"M0304","FR","R/R","S/+"
"M0314","FR","R/R","S/+"
"M0322","FR","R/R","S/+"
"M0327","FR","R/R","S/+"
"M0335","FR","R/R","S/+"
"M0337","WO","R/r","s/s"
"M0338","WO","R/r","s/s"
"M0340","FR","R/R","S/+"
"M0341","FR","R/R","S/+"
"M0342","WR","R/r","S/+"
"M0343","WR","R/r","S/+"
"M0350","FR","R/R","S/+"
"M0365","Ye","r/r","s/s"
"M0391","FR","R/R","S/+"
"M0399","FR","R/R","S/+"
"M0410","FR","R/R","S/+"
"M0442","WR","R/r","S/+"
"M0444","FR","R/R","S/+"
"M0446","FR","R/R","S/+"
"M0449","FO","R/R","s/s"
"M0452","FR","R/R","S/+"
"M0456","FR","R/R","S/+"
"M0462","Wh","r/r","S/+"
"M0471","FR","R/R","S/+"
"M0478","WO","R/r","s/s"
"M0480","FR","R/R","S/+"
"M0483","Ye","r/r","s/s"
"M0486","WO","R/r","s/s"
"M0487","FR","R/R","S/+"
"M0491","FR","R/R","S/+"
"M0496","FR","R/R","S/+"
"M0499","WR","R/r","S/+"
"M0504","FR","R/R","S/+"
"M0510","FR","R/R","S/+"
"M0513","FR","R/R","S/+"
"M0518","FR","R/R","S/+"
"M0520","FR","R/R","S/+"
"M0521","Ye","r/r","s/s"
"M0525","FR","R/R","S/+"
"M0528","Ye","r/r","s/s"
"M0530","FR","R/R","S/+"
"M0535","FR","R/R","S/+"
"M0539","FR","R/R","S/+"
"M0601","Ye","r/r","s/s"
"M0604","Ye","r/r","s/s"
"M0609","Ye","r/r","s/s"
"M0610","Ye","r/r","s/s"
"M0615","WR","R/r","S/+"
"M0630","FO","R/R","s/s"
"M0632","WO","R/r","s/s"
"M0635","Ye","r/r","s/s"
"M0636","Ye","r/r","s/s"
"M0639","WO","R/r","s/s"
"M0641","WO","R/r","s/s"
"M0642","Ye","r/r","s/s"
"M0688","WO","R/r","s/s"
"M0708","WO","R/r","s/s"
"M0714","FR","R/R","S/+"
"M0719","FR","R/R","S/+"
"M0726","Ye","r/r","s/s"
"M0728","FR","R/R","S/+"
"M0743","FR","R/R","S/+"
"M0744","FR","R/R","S/+"
"M0750","FO","R/R","s/s"
"M0753","WR","R/r","S/+"
"M0755","FR","R/R","S/+"
"M0757","WR","R/r","S/+"
"M0768","FR","R/R","S/+"
"M0772","WR","R/r","S/+"
"M0773","Ye","r/r","s/s"
"M0789","FR","R/R","S/+"
"M0797","Wh","r/r","S/+"
"M0803","WR","R/r","S/+"
"M0806","FR","R/R","S/+"
"M0811","FR","R/R","S/+"
"M0826","WR","R/r","S/+"
"M0833","WR","R/r","S/+"
"M0836","FR","R/R","S/+"
"M0845","WR","R/r","S/+"
"M0858","WO","R/r","s/s"
"M0865","FR","R/R","S/+"
"M0868","WR","R/r","S/+"
"M0870","WO","R/r","s/s"
"M0881","WR","R/r","S/+"
"M0885","Ye","r/r","s/s"
"M0886","FR","R/R","S/+"
"M0890","WO","R/r","s/s"
"M0892","WR","R/r","S/+"
"M0893","FR","R/R","S/+"
"M0894","FR","R/R","S/+"
"M0910","WR","R/r","S/+"
"M0911","Ye","r/r","s/s"
"M0920","WO","R/r","s/s"
"M0943","WO","R/r","s/s"
"M0945","WO","R/r","s/s"
"M0947","WO","R/r","s/s"
"M0959","Ye","r/r","s/s"
"M0962","Ye","r/r","s/s"
"M0979","Ye","r/r","s/s"
"M0983","Ye","r/r","s/s"
"M0990","Ye","r/r","s/s"
"M0992","Ye","r/r","s/s"
"M0994","Ye","r/r","s/s"
"M0998","WO","R/r","s/s"
"M1012","Ye","r/r","s/s"
"M1021","Ye","r/r","s/s"
"M1050","FR","R/R","S/+"
"M1052","FO","R/R","s/s"
"M1071","FR","R/R","S/+"
"M1078","FR","R/R","S/+"
"M1079","FR","R/R","S/+"
"M1080","WR","R/r","S/+"
"M1082","FR","R/R","S/+"
"M1091","Wh","r/r","S/+"
"M1093","FR","R/R","S/+"
"M1096","FR","R/R","S/+"
"M1099","Ye","r/r","s/s"
"M1151","Ye","r/r","s/s"
"M1163","Ye","r/r","s/s"
"M1169","WO","R/r","s/s"
"M1173","Ye","r/r","s/s"
"M1183","Ye","r/r","s/s"
"M1201","Ye","r/r","s/s"
"M1206","Ye","r/r","s/s"
"M1211","Ye","r/r","s/s"
"M1216","WO","R/r","s/s"
"M1219","Ye","r/r","s/s"
"M1222","Ye","r/r","s/s"
"M1229","Ye","r/r","s/s"
"M1235","Ye","r/r","s/s"
"M1236","Ye","r/r","s/s"
"M1238","Wh","r/r","S/+"
"M1239","Wh","r/r","S/+"
"M1247","FR","R/R","S/+"
"M1248","Ye","r/r","s/s"
"M1254","FR","R/R","S/+"
"M1255","FR","R/R","S/+"
"M1257","FR","R/R","S/+"
"M1259","FO","R/R","s/s"
"M1264","FR","R/R","S/+"
"M1266","FR","R/R","S/+"
"M1269","FR","R/R","S/+"
"M1276","FR","R/R","S/+"
"M1287","FR","R/R","S/+"
"M1304","Ye","r/r","s/s"
"M1312","FR","R/R","S/+"
"M1313","FR","R/R","S/+"
"M1314","Ye","r/r","s/s"
"M1321","FR","R/R","S/+"
"M1322","FR","R/R","S/+"
"M1325","Ye","r/r","s/s"
"M1327","Ye","r/r","s/s"
"M1339","Ye","r/r","s/s"
"M1341","WO","R/r","s/s"
"M1354","Ye","r/r","s/s"
"M1357","Ye","r/r","s/s"
"M1361","Ye","r/r","s/s"
"M1366","WR","R/r","S/+"
"M1369","Wh","r/r","S/+"
"M1370","WR","R/r","S/+"
"M1413","Ye","r/r","s/s"
"M1414","Ye","r/r","s/s"
"M1415","Ye","r/r","s/s"
"M1416","WR","R/r","S/+"
"M1422","Ye","r/r","s/s"
"M1423","Ye","r/r","s/s"
"M1425","WR","R/r","S/+"
"M1426","WR","R/r","S/+"
"M1430","Ye","r/r","s/s"
"M1435","Ye","r/r","s/s"
"M1437","Ye","r/r","s/s"
"M1441","Ye","r/r","s/s"
"M1443","Ye","r/r","s/s"
"M1444","WO","R/r","s/s"
"M1447","Ye","r/r","s/s"
"M1451","Ye","r/r","s/s"
"M1485","Ye","r/r","s/s"
"M1487","FR","R/R","S/+"
"M1488","WR","R/r","S/+"
"M1493","Ye","r/r","s/s"
"M1508","Ye","r/r","s/s"
"M1512","Ye","r/r","s/s"
"M1517","Ye","r/r","s/s"
"M1525","Ye","r/r","s/s"
"M1527","Ye","r/r","s/s"
"M1532","Ye","r/r","s/s"
"M1536","Ye","r/r","s/s"
"M1541","Ye","r/r","s/s"
"M1545","Ye","r/r","s/s"
"M1546","Ye","r/r","s/s"
"M1558","Ye","r/r","s/s"
"M1561","Ye","r/r","s/s"
"M1575","Ye","r/r","s/s"
"M1576","Ye","r/r","s/s"
"M1579","Ye","r/r","s/s"
"M1586","Ye","r/r","s/s"
"M1587","Ye","r/r","s/s"
"M1590","Wh","r/r","S/+"
"M1609","Ye","r/r","s/s"
"M1616","Ye","r/r","s/s"
"M1620","Ye","r/r","s/s"
"M1624","Ye","r/r","s/s"
"M1632","FR","R/R","S/+"
"M1637","FR","R/R","S/+"
"M1642","FR","R/R","S/+"
"M1645","Ye","r/r","s/s"
"M1646","WR","R/r","S/+"
"M1649","WR","R/r","S/+"
"M1651","FR","R/R","S/+"
"M1657","FR","R/R","S/+"
"M1676","Ye","r/r","s/s"
"M1682","Ye","r/r","s/s"
"M1685","WR","R/r","S/+"
"M1696","Ye","r/r","s/s"
"M1697","Ye","r/r","s/s"
"M1704","Ye","r/r","s/s"
"M1705","Ye","r/r","s/s"
"M1712","Ye","r/r","s/s"
"M1717","Ye","r/r","s/s"
"M1718","Ye","r/r","s/s"
"M1721","Ye","r/r","s/s"
"M1738","Ye","r/r","s/s"
"M1749","Wh","r/r","S/+"
"M1750","Ye","r/r","s/s"
"M1756","WR","R/r","S/+"
"M1782","FR","R/R","S/+"
"M1784","Wh","r/r","S/+"
"M1789","FR","R/R","S/+"
"M1790","FR","R/R","S/+"
"M1797","Wh","r/r","S/+"
"M1820","FR","R/R","S/+"
"M1848","FR","R/R","S/+"
"M1853","Ye","r/r","s/s"
"M1854","Ye","r/r","s/s"
"M1857","Ye","r/r","s/s"
"M1859","Wh","r/r","S/+"
"M1994","Ye","r/r","s/s"
