"","id","Ros","Sulf"
"1","M0821","R/R","S/+"
"2","M0843","R/R","S/+"
"3","M1003","r/r","s/s"
"4","M1011","r/r","s/s"
"5","M1014","r/r","s/s"
"6","M1530","R/R","s/s"
"7","M0158","r/r","s/s"
"8","M0170","r/r","s/s"
"9","M0172","r/r","s/s"
"10","M0174","r/r","s/s"
"11","M0178","r/r","s/s"
"12","M0183","r/r","s/s"
"13","M0187","r/r","s/s"
"14","M0190","r/r","s/s"
"15","M0195","r/r","s/s"
"16","M0294","r/r","s/s"
"17","M0301","R/R","S/+"
"18","M0303","R/R","S/+"
"19","M0305","R/R","S/+"
"20","M0307","R/R","S/+"
"21","M0308","R/R","S/+"
"22","M0311","R/R","S/+"
"23","M0313","R/R","S/+"
"24","M0315","R/R","S/+"
"25","M0316","R/r","S/+"
"26","M0324","R/R","S/+"
"27","M0326","R/R","S/+"
"28","M0349","R/R","S/+"
"29","M0353","r/r","s/s"
"30","M0355","r/r","s/s"
"31","M0356","r/r","s/s"
"32","M0357","r/r","s/s"
"33","M0359","r/r","s/s"
"34","M0362","r/r","s/s"
"35","M0366","r/r","s/s"
"36","M0368","r/r","s/s"
"37","M0370","r/r","s/s"
"38","M0374","r/r","s/s"
"39","M0375","r/r","s/s"
"40","M0377","r/r","s/s"
"41","M0378","r/r","s/s"
"42","M0380","r/r","s/s"
"43","M0386","r/r","s/s"
"44","M0389","R/R","s/s"
"45","M0396","R/r","s/s"
"46","M0397","r/r","s/s"
"47","M0398","r/r","S/+"
"48","L1295","r/r","s/s"
"49","M0438","R/R","S/+"
"50","M0450","R/R","S/+"
"51","M0454","R/R","S/+"
"52","M0490","R/R","S/+"
"53","M0501","R/R","S/+"
"54","M0506","r/r","s/s"
"55","M0507","R/R","S/+"
"56","M0519","r/r","s/s"
"57","M0522","r/r","s/s"
"58","M0524","r/r","s/s"
"59","M0531","R/R","S/+"
"60","M0533","R/R","S/+"
"61","M0538","R/R","S/+"
"62","M0542","R/R","S/+"
"63","M0543","R/R","S/+"
"64","M0549","R/R","S/+"
"65","M0550","r/r","s/s"
"66","M0551","R/R","S/+"
"67","M0553","R/R","S/+"
"68","M0554","R/R","S/+"
"69","M0558","R/R","S/+"
"70","M0559","R/R","S/+"
"71","M0560","R/R","S/+"
"72","M0561","R/R","S/+"
"73","M0562","R/R","S/+"
"74","M0563","R/R","S/+"
"75","M0565","R/R","S/+"
"76","M0566","R/R","s/s"
"77","M0567","R/R","s/s"
"78","M0569","R/R","S/+"
"79","M0570","R/R","S/+"
"80","M0571","R/R","S/+"
"81","M0572","r/r","s/s"
"82","M0573","R/R","S/+"
"83","M0574","R/R","S/+"
"84","M0576","R/R","S/+"
"85","M0577","R/R","S/+"
"86","M0578","r/r","s/s"
"87","M0581","R/R","S/+"
"88","M0582","R/R","S/+"
"89","M0585","R/R","S/+"
"90","M0586","R/R","S/+"
"91","M0587","R/R","S/+"
"92","M0588","R/R","S/+"
"93","M0590","R/R","S/+"
"94","M0594","r/r","s/s"
"95","M0595","R/R","S/+"
"96","M0599","R/R","S/+"
"97","M0600","R/R","s/s"
"98","M0629","R/R","S/+"
"99","M0651","R/R","S/+"
"100","M0655","R/R","S/+"
"101","M0659","R/R","S/+"
"102","M0665","R/R","S/+"
"103","M0671","R/R","S/+"
"104","M0676","R/R","S/+"
"105","M0677","R/R","S/+"
"106","M0678","R/R","S/+"
"107","M0679","R/R","S/+"
"108","M0680","R/R","S/+"
"109","M0691","R/R","S/+"
"110","M0696","R/R","S/+"
"111","M0697","R/R","S/+"
"112","M0709","R/R","S/+"
"113","M0736","R/R","S/+"
"114","M0802","r/r","s/s"
"115","M0812","R/R","S/+"
"116","M0825","r/r","s/s"
"117","L1321","r/r","s/s"
"118","M0834","R/R","S/+"
"119","M0823","R/R","S/+"
"120","M0862","r/r","s/s"
"121","M0864","r/r","s/s"
"122","M0869","r/r","S/+"
"123","M0872","r/r","s/s"
"124","M0874","r/r","S/+"
"125","M0882","r/r","s/s"
"126","M0887","r/r","s/s"
"127","M0889","r/r","s/s"
"128","M0891","r/r","s/s"
"129","M0896","r/r","s/s"
"130","M0901","r/r","s/s"
"131","M0903","r/r","s/s"
"132","M0906","r/r","s/s"
"133","M0907","r/r","s/s"
"134","M0908","r/r","s/s"
"135","M0909","r/r","s/s"
"136","M0912","r/r","s/s"
"137","M0914","r/r","s/s"
"138","M0915","r/r","s/s"
"139","M0916","r/r","s/s"
"140","M0918","r/r","s/s"
"141","M0919","r/r","s/s"
"142","M0923","r/r","s/s"
"143","M0928","r/r","s/s"
"144","M0929","r/r","s/s"
"145","M0934","r/r","s/s"
"146","M0937","r/r","s/s"
"147","M0940","r/r","s/s"
"148","M0941","r/r","s/s"
"149","M0942","R/R","s/s"
"150","M0946","r/r","s/s"
"151","M0951","r/r","s/s"
"152","M0958","r/r","s/s"
"153","M0960","r/r","s/s"
"154","M0964","R/r","s/s"
"155","M0966","r/r","s/s"
"156","M0967","r/r","s/s"
"157","M0968","r/r","s/s"
"158","M0969","r/r","s/s"
"159","M0974","r/r","s/s"
"160","M0977","r/r","s/s"
"161","M0978","r/r","s/s"
"162","M0981","r/r","s/s"
"163","M0985","r/r","s/s"
"164","M0988","r/r","s/s"
"165","M0993","R/r","s/s"
"166","M0999","r/r","s/s"
"167","M1000","r/r","s/s"
"168","M1010","r/r","s/s"
"169","M1023","r/r","s/s"
"170","M1031","r/r","s/s"
"171","L0635","r/r","s/s"
"172","M1037","r/r","s/s"
"173","M1045","R/R","S/+"
"174","M1046","r/r","s/s"
"175","M1053","R/R","S/+"
"176","M1055","R/R","S/+"
"177","M1060","R/R","S/+"
"178","M1067","R/R","s/s"
"179","M1073","R/R","S/+"
"180","M1077","R/R","S/+"
"181","M1083","R/r","S/+"
"182","M1085","R/R","S/+"
"183","M1086","R/R","S/+"
"184","M1087","R/R","S/+"
"185","M1089","R/R","S/+"
"186","M1098","R/R","S/+"
"187","M1103","R/R","S/+"
"188","M1107","R/R","S/+"
"189","M1115","R/R","S/+"
"190","M1117","R/R","S/+"
"191","M1120","R/R","S/+"
"192","M1121","R/R","S/+"
"193","M1126","R/R","S/+"
"194","M1128","R/R","S/+"
"195","M1129","R/R","S/+"
"196","M1144","R/R","S/+"
"197","M1155","r/r","s/s"
"198","M1156","R/R","S/+"
"199","M1159","r/r","s/s"
"200","M1160","r/r","s/s"
"201","M1164","r/r","s/s"
"202","M1171","R/R","S/+"
"203","M1177","r/r","s/s"
"204","M1180","R/R","S/+"
"205","M1193","r/r","S/+"
"206","M1200","r/r","s/s"
"207","M1214","R/r","S/+"
"208","M1225","R/r","S/+"
"209","M1251","R/R","S/+"
"210","M1253","R/r","S/+"
"211","M1293","R/R","S/+"
"212","M1299","R/R","S/+"
"213","M1302","r/r","s/s"
"214","M1308","R/r","s/s"
"215","M1334","R/R","S/+"
"216","M1335","r/r","s/s"
"217","M1337","R/R","S/+"
"218","M1338","R/R","S/+"
"219","M1342","R/R","S/+"
"220","L0729","R/R","S/+"
"221","M1347","R/R","S/+"
"222","M1349","R/R","S/+"
"223","M1382",NA,NA
"224","M1385","R/R","s/s"
"225","M1400","R/r","S/+"
"226","M1410","r/r","s/s"
"227","M1420","r/r","s/s"
"228","M1449","r/r","s/s"
"229","M1453","r/r","s/s"
"230","J0420","R/R","S/+"
"231","M1504","r/r","s/s"
"232","M1509","R/R","S/+"
"233","M1515","R/R","S/+"
"234","M1520","r/r","s/s"
"235","M1524","R/R","S/+"
"236","M1548","r/r","s/s"
"237","M1635","R/r","s/s"
"238","M1711","R/R","S/+"
"239","M1804","R/R","S/+"
"240","J1101","R/R","S/+"
"241","M1888","R/R","S/+"
"242","M1893","R/R","S/+"
"243","M1898","R/R","s/s"
"244","M1900","R/r","S/+"
"245","M1902","R/R","S/+"
"246","M1957","R/R","s/s"
"247","M1970","r/r","s/s"
"248","M1976","R/R","S/+"
"249","M1981","r/r","s/s"
"250","L1181","R/r","S/+"
"251","M1997","r/r","S/+"
"252","M2024","R/R","S/+"
"253","M2026","R/r","S/+"
"254","M2028","R/R","S/+"
"255","M2029","R/R","S/+"
"256","M2030","R/R","S/+"
"257","M2033","R/R","S/+"
"258","M2035","R/R","S/+"
"259","M2037","R/R","s/s"
"260","M2047","R/R","S/+"
"261","M3089",NA,NA
"262","M3090",NA,NA
"263","M3091",NA,NA
"264","M3092",NA,NA
"265","M3093",NA,NA
"266","M3094",NA,NA
"267","M3095",NA,NA
"268","M3096",NA,NA
"269","M3097",NA,NA
"270","M3099","R/r","s/s"
"271","M3100",NA,NA
"272","M3101","R/r","s/s"
"273","M3102",NA,NA
"274","M3103","r/r","s/s"
"275","M3104",NA,NA
"276","M3105","r/r","s/s"
"277","M0066",NA,NA
"278","M1811","R/R","S/+"
"279","M1812","R/R","S/+"
"280","M0233","R/R","S/+"
"281","M1844","R/R","S/+"
"282","M1873","R/R","s/s"
"283","M1964","R/R","S/+"
"284","M1966","r/r","s/s"
"285","L0933","R/r","S/+"
"286","M1969",NA,"s/s"
"287","M1971","R/R","S/+"
"288","M1973","R/R","S/+"
"289","M1975","R/R","S/+"
"290","M1979","R/R","S/+"
"291","M1991","R/R","S/+"
"292","M1993","R/R","s/s"
"293","K1200","R/R","S/+"
"294","M2000","R/R","S/+"
"295","M2001","R/R","s/s"
"296","M2002","R/R","s/s"
"297","M2003","R/R","S/+"
"298","M2004","r/r","s/s"
"299","M2005","R/r","S/+"
"300","M2006","R/R","S/+"
"301","M2007","R/r","S/+"
"302","M2008","R/R","S/+"
"303","M1455","R/R","S/+"
"304","M2010","R/R","S/+"
"305","M2012","R/R","S/+"
"306","M2015","R/R","S/+"
"307","M0067","R/R",NA
"308","M2019",NA,NA
"309","M2020","R/r","s/s"
"310","M2021","R/r","S/+"
"311","M2022","R/R","S/+"
"312","M2023","R/R","S/+"
"313","K1085",NA,NA
"314","M2055","R/r","s/s"
"315","M2058","R/R","S/+"
"316","M2059","R/R",NA
"317","M1914","R/R","S/+"
"318","M2062","R/R","S/+"
"319","M2064","R/r","S/+"
"320","M2066",NA,NA
"321","M2069","R/R","S/+"
"322","M2070","r/r","s/s"
"323","M2072","R/R","S/+"
"324","L1593",NA,NA
"325","M2075",NA,NA
"326","M1665","R/r","S/+"
"327","L0009",NA,NA
"328","L0021","R/r","S/+"
"329","K0314","R/r","s/s"
"330","L0039","R/r","S/+"
"331","L0055",NA,NA
"332","L0056",NA,NA
"333","L0057",NA,NA
"334","L0060","R/r",NA
"335","L0064",NA,NA
"336","L0076","R/R","S/+"
"337","L0078",NA,NA
"338","L0079","r/r","s/s"
"339","L0098",NA,NA
"340","K0840","R/r","S/+"
"341","L0105","R/R","S/+"
"342","L0106","R/r","S/+"
"343","K1755","R/R","s/s"
"344","L0112","R/R","S/+"
"345","L0114","r/r","S/+"
"346","L0120","R/R","S/+"
"347","L0124","R/r","S/+"
"348","K0032","R/R","S/+"
"349","K0760",NA,NA
"350","L0137","R/r","S/+"
"351","L0143","R/R","s/s"
"352","L0146","R/R","S/+"
"353","K0023","R/R","S/+"
"354","L0150",NA,NA
"355","L0159",NA,NA
"356","L0168",NA,NA
"357","L0169",NA,NA
"358","L0176",NA,NA
"359","L0188","R/R","s/s"
"360","L0191",NA,NA
"361","L0199","R/R","S/+"
"362","L0214","R/r","S/+"
"363","L0215","r/r","S/+"
"364","L0220","R/R","S/+"
"365","L0221","R/r","S/+"
"366","J0314","r/r","S/+"
"367","K0451",NA,NA
"368","K1762","R/R","s/s"
"369","L0230",NA,NA
"370","L0234","R/r","s/s"
"371","L0243",NA,NA
"372","L0250",NA,NA
"373","L0258","r/r","s/s"
"374","L0260","r/r","S/+"
"375","K2005","r/r","s/s"
"376","L0263",NA,NA
"377","L0284","R/R","S/+"
"378","L0294","R/R","s/s"
"379","L0314","R/r","s/s"
"380","L0320","R/r","S/+"
"381","L0323","r/r","s/s"
"382","L0325","R/r","S/+"
"383","L0326","R/R","s/s"
"384","L0329","r/r","s/s"
"385","J0493","R/r","S/+"
"386","K1847","R/R","S/+"
"387","K1899","R/R","S/+"
"388","L0395","r/r","s/s"
"389","L0401","R/R","S/+"
"390","L0407","r/r","s/s"
"391","L0412","R/R","S/+"
"392","L0413","R/R","S/+"
"393","L0414","R/r","s/s"
"394","L0435","R/r","s/s"
"395","L0460","r/r","s/s"
"396","L0461","r/r","S/+"
"397","L0465","r/r","s/s"
"398","L0474","r/r","s/s"
"399","L0475","r/r","s/s"
"400","L0481","r/r","s/s"
"401","L0485","r/r","S/+"
"402","L0494","R/R","S/+"
"403","L0497",NA,NA
"404","L0499","R/r","S/+"
"405","L0501","R/r","S/+"
"406","L0503","r/r","S/+"
"407","L0536","R/R","S/+"
"408","L0537",NA,NA
"409","L0538","R/R","S/+"
"410","L0539","R/R","S/+"
"411","L0540","R/R","S/+"
"412","K1892","R/R","S/+"
"413","L0565","r/r","s/s"
"414","L0572","R/R","s/s"
"415","L0573",NA,NA
"416","L0584","R/r","S/+"
"417","L0588","R/R","S/+"
"418","L0653","R/R","S/+"
"419","L0662","R/R","S/+"
"420","K0634","R/R","S/+"
"421","L0677","R/r","s/s"
"422","L0682","R/R","S/+"
"423","L0689","r/r","s/s"
"424","L0694","R/r","S/+"
"425","L0695","R/R","S/+"
"426","L0696","R/R","s/s"
"427","L0699","R/r","S/+"
"428","J0920","R/R","S/+"
"429","K1092","R/R","S/+"
"430","L0705","R/R","S/+"
"431","L0708","R/R","S/+"
"432","L0713","R/R","S/+"
"433","L0714","R/R","S/+"
"434","K0774","r/r","S/+"
"435","L0758",NA,NA
"436","K0776","R/R","S/+"
"437","L0770","r/r","S/+"
"438","L0786","R/R","S/+"
"439","L0795",NA,NA
"440","L0800","R/R","S/+"
"441","L0814",NA,NA
"442","L0815","r/r","s/s"
"443","K0532","r/r","s/s"
"444","L0823","R/r","S/+"
"445","L0859","R/R","S/+"
"446","L0888","R/R","S/+"
"447","L0891",NA,NA
"448","L0895",NA,NA
"449","L0904","r/r","s/s"
"450","L0911","R/R",NA
"451","K1738","r/r","S/+"
"452","L0932",NA,NA
"453","L0935","R/r","s/s"
"454","L0951","r/r","s/s"
"455","L0954",NA,NA
"456","L0955","r/r","s/s"
"457","L0966",NA,NA
"458","L0967","r/r","s/s"
"459","L0973",NA,NA
"460","L0988",NA,NA
"461","L0993","r/r","s/s"
"462","L0996","R/R","s/s"
"463","L0998","r/r","s/s"
"464","L1007","r/r","s/s"
"465","L1009","r/r","s/s"
"466","L1014","R/R","S/+"
"467","L1018",NA,NA
"468","L1024","r/r","S/+"
"469","L1025",NA,NA
"470","L1026",NA,NA
"471","L1034",NA,NA
"472","L1038","R/R","s/s"
"473","L1039","r/r","S/+"
"474","L1040","R/R","S/+"
"475","L1042","R/R","S/+"
"476","L1044","R/R","S/+"
"477","L1045",NA,NA
"478","L1054",NA,NA
"479","L1058","R/r","s/s"
"480","L1068",NA,NA
"481","L1077","R/R","S/+"
"482","L1080","r/r","s/s"
"483","L1086","R/r","S/+"
"484","L1088",NA,NA
"485","L1089",NA,NA
"486","L1104",NA,NA
"487","L1117",NA,NA
"488","L1124",NA,NA
"489","L1208","r/r","s/s"
"490","L1216",NA,NA
"491","L1221",NA,NA
"492","L1223",NA,NA
"493","L1228","R/R","S/+"
"494","L1244","R/R","s/s"
"495","L1262","R/R","s/s"
"496","L1264","r/r","S/+"
"497","L1298","R/r","s/s"
"498","L1310","R/r","S/+"
"499","L1312","r/r","s/s"
"500","L1313","R/R","S/+"
"501","L1317",NA,NA
"502","L1325","r/r","s/s"
"503","L1330","r/r","s/s"
"504","L1351","R/r","s/s"
"505","L1357",NA,NA
"506","L1359",NA,NA
"507","L1361","R/r","S/+"
"508","L1362",NA,NA
"509","L1363","r/r","s/s"
"510","L1365","R/R","S/+"
"511","L1368",NA,NA
"512","K1574",NA,NA
"513","L1427",NA,NA
"514","L1428","R/R","S/+"
"515","L1449","R/R","S/+"
"516","K1898",NA,NA
"517","L1451","R/R","s/s"
"518","L1454",NA,NA
"519","L1486","R/r","s/s"
"520","L1492","R/R","s/s"
"521","L1555",NA,NA
"522","K1988",NA,NA
"523","L1581",NA,NA
"524","L1596",NA,NA
"525","L1597","R/R","S/+"
"526","L1608",NA,NA
"527","L1613",NA,NA
"528","L1615","r/r","s/s"
"529","L1617","r/r","s/s"
"530","L1624","R/r","s/s"
"531","L1628","R/r","s/s"
"532","L1632",NA,NA
"533","L1639","R/R","S/+"
"534","L1642","R/R","s/s"
"535","K0148","R/R","s/s"
"536","L1666","R/R","S/+"
"537","L1667","R/R","S/+"
"538","L1680",NA,NA
"539","L1691",NA,NA
"540","L1692",NA,NA
"541","L1698",NA,NA
"542","L1730","R/R","S/+"
"543","L1733",NA,NA
"544","L1745",NA,NA
"545","L1764",NA,NA
"546","L1766",NA,NA
"547","L1772",NA,NA
"548","L1777","r/r","s/s"
"549","L1830","r/r","s/s"
"550","L1847","R/r","S/+"
"551","L1856",NA,NA
"552","L1863",NA,NA
"553","L1868",NA,NA
"554","L1869",NA,NA
"555","L1872",NA,NA
"556","L1882","R/r","S/+"
"557","L1883","r/r","S/+"
"558","L1890","R/r","S/+"
"559","L1892","R/R","S/+"
"560","L1895","R/R","S/+"
"561","L1910",NA,NA
"562","L1912","R/r","s/s"
"563","L1914","r/r","s/s"
"564","L1919","r/r","s/s"
"565","M0004","r/r","s/s"
"566","K1768","R/R","S/+"
"567","M0007","R/r","S/+"
"568","M0009","R/R","s/s"
"569","M0011","R/R","s/s"
"570","K2036","R/R","S/+"
"571","M0013","R/r","S/+"
"572","M0015","r/r","S/+"
"573","M0016","R/R","s/s"
"574","M0017","R/r","s/s"
"575","M0019","R/R","s/s"
"576","M0021","R/r","s/s"
"577","M0022","R/R","s/s"
"578","M0027","R/r","s/s"
"579","M0028","R/R","s/s"
"580","M0030","R/r","s/s"
"581","M0032","R/r","S/+"
"582","M0033",NA,NA
"583","M0034","r/r","s/s"
"584","M0036","R/R","s/s"
"585","M0037",NA,NA
"586","M0038","r/r","s/s"
"587","M0041","R/R","s/s"
"588","M0042","R/R","S/+"
"589","M0043","R/R","s/s"
"590","M0045","R/r","s/s"
"591","M0046","r/r","s/s"
"592","M0048","R/r","s/s"
"593","M0049","R/r","S/+"
"594","M0050","R/R","s/s"
"595","M0051","R/R","S/+"
"596","M0052","R/R","S/+"
"597","M0053","R/R","S/+"
"598","M0054","r/r","s/s"
"599","M0055","R/R","S/+"
"600","M0056","R/R","s/s"
"601","M0057","R/R","S/+"
"602","M0059","R/R","S/+"
"603","M0060","R/r","S/+"
"604","M0061","R/R","S/+"
"605","K1696","R/R","s/s"
"606","M0064","R/R","S/+"
"607","M0068","R/r","S/+"
"608","M0069","R/R","s/s"
"609","M0070","R/R","S/+"
"610","M0072","R/R","S/+"
"611","M0074","R/R","S/+"
"612","M0075","R/r","s/s"
"613","M0076","R/R","s/s"
"614","M0077","R/R","S/+"
"615","M0079","R/R","S/+"
"616","M0080","R/R","S/+"
"617","M0081","R/R","S/+"
"618","M0084","R/R","s/s"
"619","M0087","R/r","S/+"
"620","M0088","R/r","S/+"
"621","M0089","R/R","s/s"
"622","M0090","R/R","S/+"
"623","M0091","R/R","S/+"
"624","M0093","R/R","S/+"
"625","M0094","R/R","S/+"
"626","M0095","R/R","s/s"
"627","M0096","R/R","s/s"
"628","M0097","R/R","S/+"
"629","M0098","R/R","S/+"
"630","M0099","R/r","S/+"
"631","M0100","R/R","S/+"
"632","M0101","R/R","s/s"
"633","M0102","R/R","S/+"
"634","M0104","r/r","s/s"
"635","M0106","R/R","S/+"
"636","M0107","R/r","S/+"
"637","M0114","R/R","s/s"
"638","M0118","R/R","S/+"
"639","M0122","R/R","S/+"
"640","M0123","R/R","s/s"
"641","M0125","R/R","S/+"
"642","M0127","R/R","S/+"
"643","M0128","R/R","S/+"
"644","M0129","R/r","S/+"
"645","M0133","r/r","s/s"
"646","M0136","R/R","S/+"
"647","M0137","R/r","s/s"
"648","M0139","R/R","s/s"
"649","M0141","R/R","S/+"
"650","M0142","R/r","S/+"
"651","K0739","R/R","S/+"
"652","M0144","R/R","S/+"
"653","M0145","R/r","S/+"
"654","M0146","R/r","S/+"
"655","M0147","R/r","S/+"
"656","M0148","R/r","S/+"
"657","M0150","R/R","s/s"
"658","M0153","r/r","s/s"
"659","M0155","r/r","s/s"
"660","M0157","R/r","s/s"
"661","M0159","r/r","s/s"
"662","M0160","r/r","s/s"
"663","M0161","r/r","s/s"
"664","M0162","r/r","s/s"
"665","M0166",NA,NA
"666","M0169","r/r","s/s"
"667","M0175","r/r","s/s"
"668","M0177","r/r","s/s"
"669","M0179","R/R","s/s"
"670","M0181","r/r","s/s"
"671","M0182","r/r","s/s"
"672","M0184","R/r","s/s"
"673","M0185","r/r","s/s"
"674","M0188","R/r","s/s"
"675","M0198","r/r","s/s"
"676","M0202","r/r","S/+"
"677","M0205","R/r","s/s"
"678","M0206","R/r","s/s"
"679","M0208","r/r","s/s"
"680","M0209","R/R","s/s"
"681","K0129",NA,NA
"682","M0213","r/r","s/s"
"683","M0215","r/r","s/s"
"684","M0217","r/r","s/s"
"685","M0219","r/r","s/s"
"686","M0223","R/r","S/+"
"687","M0224","R/R","S/+"
"688","M0226","R/r","s/s"
"689","M0228","R/r","S/+"
"690","M0229","r/r","S/+"
"691","M0232","R/r","s/s"
"692","M0235","R/R","s/s"
"693","M0236","R/r","S/+"
"694","M0238","r/r","s/s"
"695","M0239","r/r","S/+"
"696","M0240","R/r","S/+"
"697","M0241","R/R","s/s"
"698","M0243","R/r","s/s"
"699","M0245","R/r","S/+"
"700","M0247","R/R","S/+"
"701","M0249","r/r","S/+"
"702","M0251","R/r","S/+"
"703","M0252","R/R","S/+"
"704","M0253","R/R","S/+"
"705","M0254","R/R","S/+"
"706","M0255","R/R","s/s"
"707","M0256","R/r","S/+"
"708","M0257","R/R","S/+"
"709","M0258","r/r","s/s"
"710","M0259","R/R","S/+"
"711","M0260","r/r","s/s"
"712","M0261","R/R","S/+"
"713","M0262",NA,NA
"714","M0263","R/R","S/+"
"715","M0264","R/R","s/s"
"716","M0265","R/R","S/+"
"717","M0266","R/R","S/+"
"718","M0267","R/R","s/s"
"719","M0268","R/R","S/+"
"720","M0269","R/R","S/+"
"721","M0270","R/R","s/s"
"722","M0271","R/R","S/+"
"723","M0272","R/R","S/+"
"724","M0273","R/R","S/+"
"725","M0277","R/R","S/+"
"726","M0278","R/R","S/+"
"727","M0279","R/r","S/+"
"728","M0281","R/r","S/+"
"729","M0282","R/R","S/+"
"730","M0283","R/R","S/+"
"731","M0284","R/R","s/s"
"732","M0286","R/r","S/+"
"733","M0287","R/R","S/+"
"734","M0290","R/R","S/+"
"735","M0291","R/R","S/+"
"736","M0292","R/R","s/s"
"737","M0293","R/R","S/+"
"738","M0295","R/R","S/+"
"739","M0296","R/R","s/s"
"740","M0297","R/R","S/+"
"741","M0299","R/R","S/+"
"742","M0306","r/r","S/+"
"743","M0310","R/R","S/+"
"744","M0312","R/r","S/+"
"745","M0317","r/r","s/s"
"746","J1284","R/r","S/+"
"747","M0319","R/r","S/+"
"748","M0320","R/R","S/+"
"749","M0323","R/r","s/s"
"750","M0329","r/r","s/s"
"751","M0331","r/r","S/+"
"752","M0332","r/r","s/s"
"753","M0333","R/R","s/s"
"754","M0334","r/r","S/+"
"755","M0336","R/R","S/+"
"756","K0632","r/r","S/+"
"757","M0344","R/r","S/+"
"758","M0346","r/r","S/+"
"759","M0347","R/R","s/s"
"760","M0351","R/r","s/s"
"761","M0352","R/r","S/+"
"762","M0354","R/r","S/+"
"763","M0358","R/R","S/+"
"764","M0360","r/r","s/s"
"765","M0361","r/r","s/s"
"766","M0363","r/r","s/s"
"767","M0364","R/r","s/s"
"768","M0367","r/r","s/s"
"769","M0369","R/R","S/+"
"770","M0372","r/r","s/s"
"771","M0379","R/r","S/+"
"772","M0381","R/R","S/+"
"773","M0383","r/r","s/s"
"774","M0384","R/r","S/+"
"775","M0385","R/r","s/s"
"776","M0388","R/r","S/+"
"777","M0390","R/R","s/s"
"778","M0393","R/R","S/+"
"779","M0395","R/R","S/+"
"780","M0401","R/r","s/s"
"781","M0402","R/R","S/+"
"782","K0464","R/R","S/+"
"783","M0405","R/R","S/+"
"784","M0411","R/R","s/s"
"785","M0413","r/r","s/s"
"786","M0415","R/R","S/+"
"787","M0416","r/r","S/+"
"788","M0417","R/r","s/s"
"789","M0418","R/R","s/s"
"790","M0419","r/r","s/s"
"791","M0420","r/r","s/s"
"792","M0421","R/R","s/s"
"793","M0423","R/R","S/+"
"794","M0424","R/r","s/s"
"795","K1211","R/r","S/+"
"796","M0427","R/R","s/s"
"797","M0428","R/R","S/+"
"798","M0429","R/r","S/+"
"799","M0430","R/r",NA
"800","M0431","R/r","S/+"
"801","M0434","R/r","S/+"
"802","M0435","R/R","S/+"
"803","M0437","R/R","S/+"
"804","M0439","R/R","s/s"
"805","M0440","R/R","S/+"
"806","M0441","R/R","S/+"
"807","M0443","R/R","S/+"
"808","M0445","r/r","s/s"
"809","M0447","R/r","S/+"
"810","M0451","r/r","s/s"
"811","M0453","r/r","s/s"
"812","M0455","R/r","s/s"
"813","M0458","r/r","s/s"
"814","M0459","r/r","s/s"
"815","M0460","R/r","S/+"
"816","M0461","r/r","s/s"
"817","M0464","R/R","S/+"
"818","M0465","R/r","s/s"
"819","M0466","R/R","S/+"
"820","M0467","R/R","s/s"
"821","M0468","R/R","s/s"
"822","M0470","r/r","s/s"
"823","M0472","R/R","S/+"
"824","M0473","R/r","s/s"
"825","M0474","R/r","S/+"
"826","M0475","R/r","s/s"
"827","M0479","r/r","s/s"
"828","M0481","R/R","S/+"
"829","M0482","R/R","S/+"
"830","M0484","R/R","s/s"
"831","M0485","R/R","s/s"
"832","M0488","r/r","s/s"
"833","M0489","R/r","S/+"
"834","M0492","R/r","s/s"
"835","M0494","R/R","S/+"
"836","M0495","R/R","S/+"
"837","M0497","R/R","S/+"
"838","M0505","r/r","s/s"
"839","M0508","R/R","S/+"
"840","M0509","r/r","s/s"
"841","M0514","R/r","S/+"
"842","M0516","R/R","S/+"
"843","M0517","R/R","S/+"
"844","M0523","r/r","s/s"
"845","M0526","R/R","S/+"
"846","M0529","R/r","S/+"
"847","M0532","R/r","s/s"
"848","M0534","r/r","s/s"
"849","M0536","R/R","S/+"
"850","M0537","R/R","S/+"
"851","M0540","r/r","s/s"
"852","M0541","r/r","s/s"
"853","M0544","r/r","s/s"
"854","M0545","r/r","s/s"
"855","M0547","R/R","S/+"
"856","M0548","R/r","S/+"
"857","M0552","R/R","S/+"
"858","M0557","r/r","s/s"
"859","M0575","r/r","s/s"
"860","M0579","R/R","S/+"
"861","M0580","R/R","s/s"
"862","M0583","R/R","S/+"
"863","M0584","r/r","s/s"
"864","M0589","R/R","S/+"
"865","M0591","r/r","s/s"
"866","M0592","r/r","s/s"
"867","M0593","r/r","s/s"
"868","M0596","r/r","s/s"
"869","M0597","R/R","S/+"
"870","M0602","r/r","s/s"
"871","M0603","R/r","S/+"
"872","M0605","r/r","s/s"
"873","M0606","r/r","s/s"
"874","M0607","r/r","s/s"
"875","M0613","r/r","s/s"
"876","M0616","r/r","s/s"
"877","M0617","r/r","s/s"
"878","M0618","r/r","s/s"
"879","M0619","r/r","s/s"
"880","M0620","r/r","s/s"
"881","M0622","r/r","s/s"
"882","M0623","R/r","s/s"
"883","M0624","r/r","s/s"
"884","M0625","r/r","s/s"
"885","M0626","r/r","s/s"
"886","M0627","r/r","s/s"
"887","M0628","r/r","s/s"
"888","M0631","r/r","s/s"
"889","M0634","r/r","s/s"
"890","M0637","r/r","s/s"
"891","M0638","r/r","s/s"
"892","M0640","r/r","s/s"
"893","M0643","r/r","s/s"
"894","M0644","r/r","s/s"
"895","M0645","r/r","s/s"
"896","M0646","r/r","s/s"
"897","M0648","r/r","s/s"
"898","M0649","r/r","s/s"
"899","M0650","R/r","s/s"
"900","M0652","R/R","S/+"
"901","M0653","R/R","S/+"
"902","M0654","R/R","S/+"
"903","M0656","R/R","s/s"
"904","M0657","R/R","S/+"
"905","M0658","R/R","S/+"
"906","M0661","R/R","S/+"
"907","M0662","R/R","S/+"
"908","M0663","R/r","S/+"
"909","M0666","R/R","s/s"
"910","M0667","R/R","S/+"
"911","M0668","R/R","S/+"
"912","M0669","R/R","S/+"
"913","M0670","R/R","S/+"
"914","M0672","R/R","S/+"
"915","M0673","R/R","S/+"
"916","M0674","R/R","S/+"
"917","M0675","R/R","S/+"
"918","M0681","R/r","s/s"
"919","M0682","R/R","S/+"
"920","M0683","R/R","S/+"
"921","M0684","R/r","S/+"
"922","M0685","R/R","S/+"
"923","M0686","R/R","S/+"
"924","M0687","R/R","S/+"
"925","M0689","R/r","s/s"
"926","M0693","R/R","S/+"
"927","M0694","R/R","S/+"
"928","M0695","R/r","S/+"
"929","M0700","R/r","s/s"
"930","M0701","r/r","s/s"
"931","M0702","r/r","s/s"
"932","M0703","R/R","S/+"
"933","M0704","R/R","S/+"
"934","M0705","r/r","s/s"
"935","M0706","R/r","S/+"
"936","M0707","r/r","s/s"
"937","M0710","r/r","s/s"
"938","M0712","R/R","S/+"
"939","M0715","R/R","S/+"
"940","M0717","R/R","S/+"
"941","M0718","r/r","s/s"
"942","M0720","r/r","s/s"
"943","M0721","r/r","s/s"
"944","M0722","R/r","S/+"
"945","M0723","r/r","s/s"
"946","M0725","r/r","S/+"
"947","M0727","R/R","S/+"
"948","M0729","R/R","S/+"
"949","M0730","R/R","S/+"
"950","M0731","R/R","S/+"
"951","M0732","R/R","S/+"
"952","M0735","R/R","S/+"
"953","K1632","R/r","s/s"
"954","M0738","R/R","S/+"
"955","M0739","R/R","S/+"
"956","M0740","R/R","S/+"
"957","M0741","R/R","S/+"
"958","K1173","R/R","S/+"
"959","M0746","R/R","S/+"
"960","M0747","r/r","s/s"
"961","M0748","R/R","S/+"
"962","M0752","R/R","S/+"
"963","K0595","R/R","S/+"
"964","M0759","R/r","S/+"
"965","M0760","R/r","S/+"
"966","M0761","R/R","S/+"
"967","M0763","R/r","S/+"
"968","M0764","R/R","S/+"
"969","M0765","R/R","S/+"
"970","M0766","R/R","S/+"
"971","M0767","R/R","S/+"
"972","M0769","R/R","S/+"
"973","M0771","R/r","S/+"
"974","M0774","R/r","S/+"
"975","M0775","R/R","S/+"
"976","M0776","R/R","S/+"
"977","M0777","R/R","S/+"
"978","M0778","R/R","S/+"
"979","M0780","R/R","S/+"
"980","M0781","R/r","S/+"
"981","M0782","R/R","S/+"
"982","M0785","R/R","S/+"
"983","M0786","R/R","S/+"
"984","M0787","R/R","S/+"
"985","M0788","R/R","S/+"
"986","J0453","R/R","S/+"
"987","M0791","R/R","S/+"
"988","M0792","r/r","s/s"
"989","M0793","r/r","s/s"
"990","M0794","R/R","s/s"
"991","M0796","R/R","S/+"
"992","M0798","r/r","S/+"
"993","M0799","R/R","S/+"
"994","M0801","r/r","s/s"
"995","M0804","R/R","S/+"
"996","M0805","R/R","S/+"
"997","M0807","R/R","S/+"
"998","M0808","R/R","S/+"
"999","M0810","R/r","S/+"
"1000","M0813","r/r","s/s"
"1001","M0814","R/R","S/+"
"1002","M0815","R/r","S/+"
"1003","M0816","R/R","s/s"
"1004","M0817","r/r","s/s"
"1005","M0820","R/R","S/+"
"1006","M0822","r/r","s/s"
"1007","M0824","R/R","S/+"
"1008","M0827","R/R","S/+"
"1009","M0828","R/R","S/+"
"1010","M0829","R/R","S/+"
"1011","M0830","R/r","S/+"
"1012","M0832","r/r","s/s"
"1013","M0835","r/r","s/s"
"1014","M0839","R/r","s/s"
"1015","M0840","R/R","S/+"
"1016","M0841","R/R","S/+"
"1017","M0842","R/r","S/+"
"1018","M0844","r/r","s/s"
"1019","M0848","r/r","s/s"
"1020","M0849","R/R","S/+"
"1021","M0850","r/r","s/s"
"1022","M0851","R/r","s/s"
"1023","M0852","r/r","s/s"
"1024","M0853","R/R","S/+"
"1025","M0854","R/R","S/+"
"1026","M0856","r/r","s/s"
"1027","M0857","R/R","S/+"
"1028","M0859","R/R","S/+"
"1029","M0860","R/R","s/s"
"1030","M0861","r/r","S/+"
"1031","M0866","R/R","S/+"
"1032","M0867","R/R","s/s"
"1033","M0873","R/R","S/+"
"1034","M0877","R/R","S/+"
"1035","M0878","R/R","S/+"
"1036","M0880","r/r","S/+"
"1037","M0883","R/r","s/s"
"1038","M0884","R/r","s/s"
"1039","M0888","r/r","s/s"
"1040","M0897","r/r","s/s"
"1041","M0898","r/r","s/s"
"1042","M0899","r/r","s/s"
"1043","M0900","R/R","S/+"
"1044","M0921","r/r","s/s"
"1045","M0922","r/r","s/s"
"1046","M0902","r/r","s/s"
"1047","M0927","R/r","s/s"
"1048","M0931","r/r","s/s"
"1049","M0932","R/r","s/s"
"1050","M0933","r/r","s/s"
"1051","M0935","R/r","S/+"
"1052","M0936","R/r","s/s"
"1053","M0938","r/r","s/s"
"1054","M0939","R/r","s/s"
"1055","M0944","r/r","s/s"
"1056","M0948","R/r","S/+"
"1057","M0949","r/r","s/s"
"1058","M0950","r/r","s/s"
"1059","M0952","r/r","s/s"
"1060","M0953","r/r","s/s"
"1061","M0956","r/r","s/s"
"1062","M0957","r/r","s/s"
"1063","M0961","r/r","s/s"
"1064","M0970","r/r","s/s"
"1065","M0971","r/r","s/s"
"1066","M0972","r/r","s/s"
"1067","M0973","r/r","s/s"
"1068","M0975","R/r","s/s"
"1069","M0976","r/r","s/s"
"1070","M0980","r/r","s/s"
"1071","M0982","r/r","s/s"
"1072","M0984","r/r","s/s"
"1073","M0986","r/r","s/s"
"1074","M0987","R/r","s/s"
"1075","M0989","R/r","s/s"
"1076","M0991","r/r","s/s"
"1077","M0995","r/r","s/s"
"1078","M0996","R/R","S/+"
"1079","M0997","r/r","S/+"
"1080","M1001","r/r","s/s"
"1081","M1002","r/r","s/s"
"1082","M1004","R/R","S/+"
"1083","M1005","r/r","S/+"
"1084","M1006","R/r","S/+"
"1085","K1804","r/r","S/+"
"1086","M1008","r/r","S/+"
"1087","M1009","R/R","S/+"
"1088","M1013","r/r","s/s"
"1089","M1015","r/r","s/s"
"1090","M1016","R/r","S/+"
"1091","M1017","r/r","s/s"
"1092","M1018","r/r","S/+"
"1093","M1019","r/r","s/s"
"1094","M1020","R/R","s/s"
"1095","M1022","R/R","S/+"
"1096","M1024","R/r","S/+"
"1097","M1025","R/r","s/s"
"1098","M1028","R/r","S/+"
"1099","M1029","R/r","S/+"
"1100","M1030","r/r","s/s"
"1101","M1032","r/r","s/s"
"1102","M1033","R/R","s/s"
"1103","M1034","r/r","s/s"
"1104","M1035","R/R","S/+"
"1105","M1038","R/R","S/+"
"1106","M1039","R/r","S/+"
"1107","M1040","R/R","s/s"
"1108","M1041","r/r","s/s"
"1109","M1043","r/r","s/s"
"1110","K0536","R/r","S/+"
"1111","M1047","R/R","S/+"
"1112","M1048","R/R","S/+"
"1113","M1049","r/r","s/s"
"1114","M1051","R/R","S/+"
"1115","M1054","R/R","S/+"
"1116","M1056","R/R","s/s"
"1117","M1057","R/R","S/+"
"1118","M1058","R/R","S/+"
"1119","M1061","r/r","S/+"
"1120","M1062","R/R","S/+"
"1121","M1064","R/R","S/+"
"1122","M1065","R/R","s/s"
"1123","M1066","R/R","S/+"
"1124","M1068","R/R","S/+"
"1125","M1069","R/R","S/+"
"1126","M1072","R/R","S/+"
"1127","M1075","R/R","S/+"
"1128","M1076","R/R","S/+"
"1129","M1081","R/r","s/s"
"1130","K0773","R/r",NA
"1131","M1092","R/R","S/+"
"1132","M1094","R/R","S/+"
"1133","M1100","R/R","S/+"
"1134","M1101","R/R","S/+"
"1135","M1102","R/R","S/+"
"1136","M1104","R/R","S/+"
"1137","M1106","R/R","S/+"
"1138","M1108","R/R","S/+"
"1139","M1109","R/R","S/+"
"1140","M1110","R/R","S/+"
"1141","M1111","R/R","S/+"
"1142","M1112","R/R","S/+"
"1143","M1113","R/R","S/+"
"1144","M1114","R/R","S/+"
"1145","M1116","R/R","s/s"
"1146","M1118","R/R","S/+"
"1147","M1119","R/R","S/+"
"1148","M1122","R/R","S/+"
"1149","M1123","R/R","S/+"
"1150","M1124","R/R","S/+"
"1151","M1125","R/R","S/+"
"1152","M1130","R/R","S/+"
"1153","M1131","R/R","S/+"
"1154","M1132","R/R","S/+"
"1155","M1133","R/R","S/+"
"1156","M1135","R/R","S/+"
"1157","M1136","R/R","S/+"
"1158","M1137","R/R","S/+"
"1159","M1138","R/R","s/s"
"1160","M1139","R/R","S/+"
"1161","M1141","R/R","S/+"
"1162","M1142","R/R","S/+"
"1163","M1145","R/R","S/+"
"1164","M1146","R/R","S/+"
"1165","M1147","R/R","S/+"
"1166","M1148","R/R","S/+"
"1167","M1149","R/R","S/+"
"1168","M1150","R/R","S/+"
"1169","M1152","R/R","S/+"
"1170","M1153","r/r","s/s"
"1171","M1157","R/r","s/s"
"1172","M1158","r/r","s/s"
"1173","M1161","R/R","S/+"
"1174","M1162","R/R","S/+"
"1175","M1165","R/R","S/+"
"1176","M1166","r/r","s/s"
"1177","M1167","r/r","s/s"
"1178","M1168","R/R","S/+"
"1179","M1170","R/R","S/+"
"1180","M1172","r/r","s/s"
"1181","M1174","R/R","S/+"
"1182","M1175","r/r","s/s"
"1183","M1176","r/r","s/s"
"1184","M1178","R/R","S/+"
"1185","M1179","R/R","S/+"
"1186","M1181","r/r","s/s"
"1187","M1184","r/r","s/s"
"1188","M1185","r/r","s/s"
"1189","M1186","r/r","s/s"
"1190","M1187","r/r","S/+"
"1191","M1188","r/r","s/s"
"1192","M1189","R/R","S/+"
"1193","M1190","r/r","s/s"
"1194","M1191","R/r","s/s"
"1195","M1192","r/r","s/s"
"1196","M1194","r/r","s/s"
"1197","M1195","r/r","s/s"
"1198","M1196","R/R","s/s"
"1199","M1197","r/r","s/s"
"1200","M1199","R/r","S/+"
"1201","M1202","R/r","s/s"
"1202","M1203","r/r","s/s"
"1203","M1204","r/r","s/s"
"1204","M1205","R/r","S/+"
"1205","M1208","r/r","s/s"
"1206","M1209","r/r","s/s"
"1207","M1210","r/r","s/s"
"1208","M1212","r/r","s/s"
"1209","M1213","r/r","s/s"
"1210","M1217","R/r","s/s"
"1211","M1221","r/r","s/s"
"1212","M1223","R/R","S/+"
"1213","M1224","R/r","S/+"
"1214","M1226","r/r","s/s"
"1215","M1227","R/r","s/s"
"1216","M1228","R/r","S/+"
"1217","M1230","r/r","s/s"
"1218","M1231","R/r","S/+"
"1219","M1232","r/r","s/s"
"1220","M1233","R/R","s/s"
"1221","M1237","R/R","S/+"
"1222","M1240","r/r","s/s"
"1223","M1241","r/r","s/s"
"1224","M1242","R/r","S/+"
"1225","M1244","r/r","S/+"
"1226","M1246","R/r","S/+"
"1227","M1249","R/r","s/s"
"1228","M1258","R/R","S/+"
"1229","M1261","R/R","S/+"
"1230","M1262","R/R","S/+"
"1231","M1263","R/R","S/+"
"1232","M1267","r/r","s/s"
"1233","M1268","R/R","S/+"
"1234","M1270","R/r","S/+"
"1235","M1271","R/R","S/+"
"1236","M1272","R/R","S/+"
"1237","M1274","R/r","S/+"
"1238","M1277","R/R","s/s"
"1239","M1278","R/R","S/+"
"1240","M1280","R/R","S/+"
"1241","M1281","R/R","S/+"
"1242","M1282","R/R","S/+"
"1243","M1285","R/R","S/+"
"1244","M1286","R/R","S/+"
"1245","M1289","R/R","S/+"
"1246","M1290","R/R","S/+"
"1247","M1291","R/R","S/+"
"1248","M1294","R/r","S/+"
"1249","M1295","R/R","S/+"
"1250","M1296","R/R","S/+"
"1251","M1297","R/R","S/+"
"1252","M1298","R/R","S/+"
"1253","M1303","R/R","S/+"
"1254","M1305","R/R","S/+"
"1255","M1306","R/r","S/+"
"1256","M1307","R/R","s/s"
"1257","M1310","r/r","s/s"
"1258","M1311","R/r","S/+"
"1259","M1315","R/R","S/+"
"1260","M1317","R/R","s/s"
"1261","M1319","R/R","S/+"
"1262","M1320","R/R","s/s"
"1263","M1323","r/r","S/+"
"1264","M1324","R/R","S/+"
"1265","M1326","R/r","S/+"
"1266","M1328","R/R","S/+"
"1267","M1329","R/R","S/+"
"1268","M1331","R/R","S/+"
"1269","M1332","R/R","S/+"
"1270","M1336","R/R","S/+"
"1271","M1340","R/R","S/+"
"1272","M1345","R/R","S/+"
"1273","M1346","R/R","S/+"
"1274","M1348","R/R","S/+"
"1275","M1350","R/R","S/+"
"1276","M1351","R/R","S/+"
"1277","M1353","r/r","s/s"
"1278","M1356","r/r","s/s"
"1279","M1358","R/R","S/+"
"1280","M1360","r/r","s/s"
"1281","M1362","R/r","S/+"
"1282","M1363","r/r","s/s"
"1283","M1364","R/r","S/+"
"1284","M1367","r/r","S/+"
"1285","M1372","R/R","s/s"
"1286","M1373","r/r","s/s"
"1287","M1374","r/r","s/s"
"1288","M1375","R/r","s/s"
"1289","K1661","r/r","s/s"
"1290","M1377","R/r","s/s"
"1291","M1378","r/r","s/s"
"1292","M1379","R/r","S/+"
"1293","M1381","R/r","S/+"
"1294","M1383","R/R","s/s"
"1295","M1384","r/r","s/s"
"1296","M1386","r/r","s/s"
"1297","M1388","R/R","S/+"
"1298","M1389","r/r","s/s"
"1299","M1390","R/r","S/+"
"1300","M1391","r/r","s/s"
"1301","M1392","r/r","s/s"
"1302","M1394","R/r","S/+"
"1303","M1396","R/R","s/s"
"1304","M1397","R/r","S/+"
"1305","M1398","R/R","S/+"
"1306","M1399","r/r","s/s"
"1307","M1403","r/r","s/s"
"1308","M1404","r/r","s/s"
"1309","M1405","r/r","s/s"
"1310","M1406","r/r","s/s"
"1311","M1407","r/r","s/s"
"1312","M1408","r/r","s/s"
"1313","M1409","r/r","s/s"
"1314","M1411","r/r","s/s"
"1315","M1412","R/R","s/s"
"1316","M1417","r/r","s/s"
"1317","M1418","r/r","s/s"
"1318","M1421","r/r","s/s"
"1319","M1424","r/r","s/s"
"1320","M1427","r/r","s/s"
"1321","M1428","r/r","s/s"
"1322","M1429","r/r","s/s"
"1323","M1431","r/r","s/s"
"1324","M1432","r/r","s/s"
"1325","M1433","r/r","s/s"
"1326","M1434","r/r","s/s"
"1327","M1436","r/r","s/s"
"1328","M1438","r/r","s/s"
"1329","M1439","r/r","s/s"
"1330","M1440","r/r","s/s"
"1331","M1442","r/r","s/s"
"1332","M1445","R/R","S/+"
"1333","M1452","R/R","s/s"
"1334","M1454","R/r","S/+"
"1335","M1457","R/R","S/+"
"1336","M1458","R/r","S/+"
"1337","M1459","R/R","S/+"
"1338","M1460","R/r","S/+"
"1339","M1461","R/R","S/+"
"1340","M1462","R/R","S/+"
"1341","M1463","R/r","s/s"
"1342","M1464","R/R","S/+"
"1343","M1465","R/r","S/+"
"1344","M1466","r/r","S/+"
"1345","M1468","R/R","S/+"
"1346","M1469","R/r","S/+"
"1347","M1470","R/R","s/s"
"1348","M1473","R/R","S/+"
"1349","M1474","R/r","S/+"
"1350","M1475","R/r","S/+"
"1351","M1476","R/r","S/+"
"1352","M1477","R/R","S/+"
"1353","M1478","R/r","S/+"
"1354","K0508","R/r","S/+"
"1355","M1480","R/R","S/+"
"1356","M1481","R/r","S/+"
"1357","M1482","R/R","S/+"
"1358","M1483","R/R","S/+"
"1359","M1484","r/r","S/+"
"1360","M1486","r/r","s/s"
"1361","M1489","R/R","S/+"
"1362","M1490","r/r","s/s"
"1363","M1491","R/R","S/+"
"1364","M1492","R/R","S/+"
"1365","M1494","R/R","S/+"
"1366","M1496","r/r","s/s"
"1367","M1497","R/R","S/+"
"1368","M1498","R/R","S/+"
"1369","M1499","r/r","s/s"
"1370","M1500","R/R","S/+"
"1371","M1501","R/r","s/s"
"1372","M1503","R/R","S/+"
"1373","K1664","r/r","s/s"
"1374","M1506","R/R","S/+"
"1375","M1507","r/r","s/s"
"1376","M1513","r/r","s/s"
"1377","M1514","R/R","S/+"
"1378","M1516","R/R","S/+"
"1379","M1518","R/R","S/+"
"1380","M1519","R/r","S/+"
"1381","M1521","r/r","s/s"
"1382","M1523","R/R","S/+"
"1383","M1526","r/r","s/s"
"1384","M1528","r/r","s/s"
"1385","M1529","r/r","s/s"
"1386","J1337","R/r","s/s"
"1387","M1533","r/r","s/s"
"1388","M1535","R/R","S/+"
"1389","M1537","R/R","S/+"
"1390","M1538","r/r","s/s"
"1391","M1539","r/r","s/s"
"1392","M1542","r/r","s/s"
"1393","M1543","R/R","S/+"
"1394","M1547","R/r","s/s"
"1395","M1549","r/r","S/+"
"1396","M1550","r/r","S/+"
"1397","M1551","r/r","s/s"
"1398","M1554","r/r","s/s"
"1399","M1555","r/r","S/+"
"1400","M1556","r/r","s/s"
"1401","M1557","r/r","s/s"
"1402","M1559","r/r","s/s"
"1403","M1560","r/r","s/s"
"1404","M1562","r/r","s/s"
"1405","M1563","r/r","s/s"
"1406","M1564","r/r","s/s"
"1407","M1566","r/r","s/s"
"1408","M1567","r/r","s/s"
"1409","M1568","r/r","s/s"
"1410","M1569","r/r","s/s"
"1411","M1250","r/r","s/s"
"1412","M1571","r/r","s/s"
"1413","M1573","r/r","s/s"
"1414","M1574","R/r","s/s"
"1415","M1577","r/r","s/s"
"1416","M1578","r/r","s/s"
"1417","M1580","r/r","s/s"
"1418","M1581","R/r","s/s"
"1419","M1583","r/r","s/s"
"1420","M1584","r/r","s/s"
"1421","M1585","r/r","s/s"
"1422","M1591","r/r","s/s"
"1423","M1593","R/R","s/s"
"1424","M1594","r/r","s/s"
"1425","M1597","R/R","s/s"
"1426","M1599","r/r","s/s"
"1427","M1600","r/r","s/s"
"1428","M1601","R/R","S/+"
"1429","M1602","r/r","s/s"
"1430","M1603","r/r","s/s"
"1431","M1604","r/r","S/+"
"1432","M1605","R/R","S/+"
"1433","M1606","r/r","s/s"
"1434","M1607","r/r","s/s"
"1435","M1610","r/r","s/s"
"1436","M1611","R/R","S/+"
"1437","M1612","R/r","S/+"
"1438","J1675","r/r","S/+"
"1439","M1614","r/r","s/s"
"1440","M1615","r/r","s/s"
"1441","M1617","R/R","S/+"
"1442","M1618","r/r","s/s"
"1443","M1619","r/r","s/s"
"1444","M1621","R/r","S/+"
"1445","M1623","R/R","s/s"
"1446","M1625","R/r","s/s"
"1447","M1626","r/r","s/s"
"1448","M1628","R/r","S/+"
"1449","M1631","R/r","S/+"
"1450","M1633","r/r","s/s"
"1451","M1634","R/r","s/s"
"1452","M1638","R/R","S/+"
"1453","M1639","r/r","s/s"
"1454","M1640","r/r","s/s"
"1455","M1641","R/r","S/+"
"1456","M1644","r/r","S/+"
"1457","M1647","R/R","S/+"
"1458","M1652","R/R","s/s"
"1459","M1653","r/r","s/s"
"1460","M1654","r/r","S/+"
"1461","M1655","r/r","S/+"
"1462","M1656","R/r","s/s"
"1463","M1658","R/R","S/+"
"1464","M1660","R/R","S/+"
"1465","M1662","r/r","s/s"
"1466","M1663","R/R","S/+"
"1467","M1666","R/R","s/s"
"1468","M1667","R/R","S/+"
"1469","M1668","r/r","s/s"
"1470","M1669","r/r","s/s"
"1471","M1670","R/r","S/+"
"1472","M1672","R/r","s/s"
"1473","M1675","r/r","s/s"
"1474","M1678","R/R","s/s"
"1475","M1679","r/r","s/s"
"1476","M1680","r/r","s/s"
"1477","M1681","r/r","s/s"
"1478","M1683","r/r","s/s"
"1479","M1684","r/r","s/s"
"1480","M1686",NA,NA
"1481","M1687","r/r","s/s"
"1482","M1688","r/r","s/s"
"1483","M1689","R/r","S/+"
"1484","M1690","r/r","S/+"
"1485","M1691","r/r","s/s"
"1486","M1692","R/r","s/s"
"1487","M1693",NA,NA
"1488","M1694","R/r","s/s"
"1489","M1695","r/r","s/s"
"1490","M1698","r/r","s/s"
"1491","M1699","R/R","s/s"
"1492","M1700","r/r","s/s"
"1493","M1701","r/r","s/s"
"1494","M1702","r/r","s/s"
"1495","M1703","R/R","S/+"
"1496","M1706","R/r","s/s"
"1497","M1707","R/R","S/+"
"1498","M1708","r/r","S/+"
"1499","M1709","r/r","s/s"
"1500","M1710","r/r","s/s"
"1501","M1713","R/r","s/s"
"1502","M1714","r/r","s/s"
"1503","M1715","r/r","s/s"
"1504","M1716","R/R","S/+"
"1505","M1719","r/r","s/s"
"1506","M1722","r/r","s/s"
"1507","M1723","r/r","s/s"
"1508","M1724","r/r","s/s"
"1509","M1725","r/r","s/s"
"1510","M1726","r/r","s/s"
"1511","M1727","R/r","S/+"
"1512","M1728","r/r","s/s"
"1513","M1729","r/r","s/s"
"1514","K0582","R/R","S/+"
"1515","K0584","R/R","s/s"
"1516","M1732","R/R","s/s"
"1517","M1733","r/r","s/s"
"1518","M1734","r/r","s/s"
"1519","M1735","r/r","s/s"
"1520","M1740","r/r","s/s"
"1521","M1741","r/r","s/s"
"1522","M1742","R/R","s/s"
"1523","M1743","r/r","s/s"
"1524","M1744","R/R","S/+"
"1525","M1746","r/r","s/s"
"1526","M1748","R/R","s/s"
"1527","M1751","R/R","s/s"
"1528","M1753","r/r","s/s"
"1529","M1754","R/R","S/+"
"1530","M1757","r/r","s/s"
"1531","M1758","r/r","s/s"
"1532","M1759","r/r","S/+"
"1533","M1760","R/r","S/+"
"1534","M1761","r/r","s/s"
"1535","M1762","R/R","S/+"
"1536","M1764","R/R","S/+"
"1537","M1765","R/r",NA
"1538","M1766","R/R","S/+"
"1539","M1767","r/r","S/+"
"1540","M1769","R/r","S/+"
"1541","M1770","R/R","S/+"
"1542","K0448","R/R","S/+"
"1543","M1773","R/R","S/+"
"1544","M1775","R/R","S/+"
"1545","M1776","r/r","S/+"
"1546","M1777","R/r","S/+"
"1547","M1778","r/r","s/s"
"1548","M1779","r/r","s/s"
"1549","M1780","R/r","S/+"
"1550","M1781","R/R","S/+"
"1551","M1783","R/R","s/s"
"1552","M1785","R/R","s/s"
"1553","M1786","r/r","S/+"
"1554","M1787","R/R","S/+"
"1555","M1788","R/R","S/+"
"1556","M1791","R/r","s/s"
"1557","M1792","R/R","S/+"
"1558","M1795","r/r","s/s"
"1559","M1796","R/r","S/+"
"1560","M1799","R/r","S/+"
"1561","K1156","r/r","S/+"
"1562","M1801","r/r","s/s"
"1563","M1802","R/R","S/+"
"1564","M1803","R/R","S/+"
"1565","M1805","R/R","s/s"
"1566","M1806","R/R","S/+"
"1567","M1807","R/r","S/+"
"1568","M1808","r/r","s/s"
"1569","M1809","R/r","S/+"
"1570","M1813","r/r","s/s"
"1571","M1814","R/R","S/+"
"1572","M1815","R/R","S/+"
"1573","M1818","R/R","S/+"
"1574","M1819","r/r","s/s"
"1575","M1821","R/R","S/+"
"1576","M1823","R/R","S/+"
"1577","K0631","r/r","s/s"
"1578","M1826","R/r","S/+"
"1579","M1828","r/r","s/s"
"1580","M1829","R/R","S/+"
"1581","M1830","R/r",NA
"1582","M1831","r/r","s/s"
"1583","M1832","R/R","S/+"
"1584","M1833","R/R","S/+"
"1585","M1834","R/R","S/+"
"1586","M1835","r/r","S/+"
"1587","M1837","r/r","S/+"
"1588","K0422","R/r","s/s"
"1589","M1839","r/r","S/+"
"1590","M1840","R/R","s/s"
"1591","M1841","R/R","S/+"
"1592","M1843","R/R","s/s"
"1593","M1846","R/r","S/+"
"1594","M1847","R/R","S/+"
"1595","M1849","R/R","s/s"
"1596","M1850","R/R","S/+"
"1597","M1851",NA,NA
"1598","M1852","R/R","S/+"
"1599","M1856","r/r","s/s"
"1600","M1858","R/R","S/+"
"1601","M1861","r/r","s/s"
"1602","M1862","r/r","s/s"
"1603","M1863","r/r","s/s"
"1604","M1864","R/R","S/+"
"1605","M1865","r/r","s/s"
"1606","M1866","r/r","s/s"
"1607","M1867","r/r","s/s"
"1608","M1868","r/r","s/s"
"1609","M1869","r/r","s/s"
"1610","M1870","r/r","s/s"
"1611","M1871",NA,NA
"1612","M1872","r/r","s/s"
"1613","M1874","R/R","s/s"
"1614","M1875","R/R","S/+"
"1615","M1876","R/R","s/s"
"1616","M1877","r/r","s/s"
"1617","M1879","r/r","s/s"
"1618","M1880",NA,NA
"1619","M1881","R/R","S/+"
"1620","K1920","R/R","S/+"
"1621","M1883","R/R","S/+"
"1622","M1885","R/R","S/+"
"1623","M1886","r/r","s/s"
"1624","M1889","R/R","S/+"
"1625","M1890","R/R",NA
"1626","M1891","R/R","S/+"
"1627","M1892","R/R","S/+"
"1628","M1894","r/r","S/+"
"1629","M1895","R/R","S/+"
"1630","K1928","R/R","S/+"
"1631","K1390",NA,NA
"1632","M1899","R/r","S/+"
"1633","M1901","R/R","s/s"
"1634","M1903","R/R","S/+"
"1635","M1904","R/R","S/+"
"1636","M1905","R/R","S/+"
"1637","M1906","R/R","S/+"
"1638","M1908","R/R","S/+"
"1639","M1909","R/R","S/+"
"1640","M1910","R/R","s/s"
"1641","M1911","R/R","S/+"
"1642","M1912","R/R","S/+"
"1643","M1913","R/r","S/+"
"1644","M1915","R/R","S/+"
"1645","M1916","R/R","s/s"
"1646","M1917","R/R","S/+"
"1647","K2033","R/R","S/+"
"1648","M1920","R/R","S/+"
"1649","M1922","R/r","S/+"
"1650","M1923","R/r","S/+"
"1651","M1924","R/R","s/s"
"1652","M1925","R/R","S/+"
"1653","M1926","R/r",NA
"1654","M1927","R/R","S/+"
"1655","M1929","R/r","s/s"
"1656","M1930","R/R","S/+"
"1657","M1931","R/R","s/s"
"1658","M1932","R/R","S/+"
"1659","M1934","R/R","S/+"
"1660","M1935","R/R","S/+"
"1661","M1936","R/R","S/+"
"1662","M1938","R/R","S/+"
"1663","M1939","R/R","S/+"
"1664","M1940","R/r","S/+"
"1665","M1941","R/R","S/+"
"1666","M1942","R/R","s/s"
"1667","M1943","R/r","S/+"
"1668","M1944","R/R","S/+"
"1669","M1945","R/R","S/+"
"1670","M1946","R/R","S/+"
"1671","M1947","r/r","S/+"
"1672","M1948","R/r","S/+"
"1673","M1949","R/R","s/s"
"1674","M1950","R/R","S/+"
"1675","M1951","R/R","s/s"
"1676","M1953","R/R","S/+"
"1677","M1954","r/r","s/s"
"1678","M1955","R/r","s/s"
"1679","M1956","R/R","S/+"
"1680","M1958","r/r","S/+"
"1681","M1959","r/r","s/s"
"1682","M1961","R/R","S/+"
"1683","M1963","R/R","S/+"
"1684","M1967",NA,NA
"1685","M1972","R/R","s/s"
"1686","M1977","r/r","s/s"
"1687","M1978","R/R","S/+"
"1688","M1982","r/r","s/s"
"1689","M1983","r/r","s/s"
"1690","M1984","R/R","S/+"
"1691","M1985","R/R","S/+"
"1692","M1989","r/r","s/s"
"1693","M1990","r/r","s/s"
"1694","M1996","r/r","s/s"
"1695","M1998","r/r","S/+"
"1696","M1999","r/r","S/+"
"1697","M2013","R/R","s/s"
"1698","M2016",NA,NA
"1699","M2018",NA,NA
"1700","M2025","R/R","S/+"
"1701","J0416","R/R","S/+"
"1702","M2032","R/R","s/s"
"1703","M2036","R/R","S/+"
"1704","M2039","R/R","S/+"
"1705","M2040","R/R","S/+"
"1706","M2041","R/R","S/+"
"1707","M2043","R/R","S/+"
"1708","M2044","R/R","S/+"
"1709","M2046","R/R","S/+"
"1710","M2048","R/R","S/+"
"1711","M2049","R/R","s/s"
"1712","M0469","R/R","S/+"
"1713","M0476","R/r","S/+"
"1714","M0149","R/R","s/s"
"1715","M0433","R/r","S/+"
"1716","M0230","r/r","S/+"
"1717","K1292",NA,NA
"1718","M0031","R/r","S/+"
"1719","M0819","R/R","S/+"
"1720","M0502","R/r","S/+"
"1721","M0220","r/r","s/s"
"1722","M0373","R/R","S/+"
"1723","K0626","R/R","S/+"
"1724","K1809","R/r","S/+"
"1725","M0345","r/r","s/s"
"1726","M0204","R/r","s/s"
"1727","M0784","r/r","S/+"
"1728","M1768","R/R","s/s"
"1729","M0328","R/R","S/+"
"1730","K1285","R/R","s/s"
"1731","M0954","r/r","s/s"
"1732","M0168","r/r","s/s"
"1733","M0633","R/r","s/s"
"1734","M1207","r/r","s/s"
"1735","J0156","R/R","S/+"
"1736","K1895","R/R","S/+"
"1737","M1275","R/R","S/+"
"1738","M1260","R/R","S/+"
"1739","M1288","R/R","S/+"
"1740","M0692","R/R","S/+"
"1741","M1330","R/R","S/+"
"1742","M0745","R/r","S/+"
"1743","K1987","R/R","S/+"
"1744","M0078","R/R","S/+"
"1745","M0783","R/r","S/+"
"1746","M0408","r/r","s/s"
"1747","M1952","R/r","s/s"
"1748","M0621","r/r","s/s"
"1749","M1659","R/R","s/s"
"1750","M1677","r/r","S/+"
"1751","K1141","R/R","s/s"
"1752","M0047","r/r","s/s"
"1753","K0558","r/r","S/+"
"1754","M0186","R/r","s/s"
"1755","M0214","r/r","s/s"
"1756","M0751","R/R","S/+"
"1757","M0647","r/r","s/s"
"1758","K0141","R/R","S/+"
"1759","K0731","R/R","S/+"
"1760","K0863",NA,NA
"1761","K1026",NA,NA
"1762","K1048",NA,NA
"1763","K1623",NA,NA
"1764","K1670",NA,NA
"1765","K1852",NA,NA
"1766","K1881",NA,NA
"1767","K1918","R/R","S/+"
"1768","K1954","R/R","s/s"
"1769","K1977","R/R","S/+"
"1770","K2035",NA,NA
"1771","M1825","R/r","S/+"
"1772","M1402","r/r","s/s"
"1773","M0837","R/r","S/+"
"1774","M1318","R/R","S/+"
"1775","M1059","R/R","s/s"
"1776","M1845","R/R","S/+"
"1777","M1343","r/r","s/s"
"1778","M0432","R/R","s/s"
"1779","J0171","R/r","S/+"
"1780","J0422","R/R","S/+"
"1781","J1246",NA,NA
"1782","J1251","R/R","S/+"
"1783","K0133","R/R","s/s"
"1784","K0475",NA,NA
"1785","K0479","R/R","s/s"
"1786","K0635","R/r","S/+"
"1787","K0652","R/R","s/s"
"1788","K1439",NA,NA
"1789","K1658",NA,NA
"1790","K1719",NA,NA
"1791","K1759",NA,NA
"1792","K1795",NA,NA
"1793","K1797","R/r","S/+"
"1794","K1826","r/r","s/s"
"1795","K1859",NA,NA
"1796","M1540","r/r","s/s"
"1797","M1736","r/r","s/s"
"1798","M1671","r/r","S/+"
"1799","M1553","r/r","s/s"
"1800","M1283","R/R","S/+"
"1801","M0274","R/R","S/+"
"1802","M0156","r/r","s/s"
"1803","M0173","R/r","s/s"
"1804","M0387","R/r","s/s"
"1805","M0392","R/r","s/s"
"1806","M0404","R/r","S/+"
"1807","M0407","R/r","s/s"
"1808","M0409","R/r","s/s"
"1809","M0448","R/R","s/s"
"1810","M0498","R/r","s/s"
"1811","M0503","R/R","S/+"
"1812","M0614","r/r","s/s"
"1813","M0711","r/r","s/s"
"1814","M0809","R/r","S/+"
"1815","M0818","r/r","S/+"
"1816","M0875","R/r","s/s"
"1817","M0904","r/r","s/s"
"1818","M0913","R/r","s/s"
"1819","M0917","R/R","s/s"
"1820","M1198","R/R","s/s"
"1821","M1279","r/r","S/+"
"1822","M1284","R/R","S/+"
"1823","M1301","R/r","S/+"
"1824","M1380","r/r","s/s"
"1825","M1393","R/r","S/+"
"1826","M1565","r/r","s/s"
"1827","M1598","r/r","s/s"
"1828","M1630","R/R","s/s"
"1829","M1933","R/R","S/+"
"1830","M0002","r/r","S/+"
"1831","M0005","R/R","S/+"
"1832","M0008","r/r","S/+"
"1833","M0018","R/r","s/s"
"1834","M0023","R/r","S/+"
"1835","M0024","R/R","S/+"
"1836","M0025","R/R","S/+"
"1837","M0039","R/R","S/+"
"1838","M0058","R/R","S/+"
"1839","M0062","R/R","S/+"
"1840","M0071","R/R","S/+"
"1841","M0073","R/R","S/+"
"1842","M0083","R/R","S/+"
"1843","M0085","R/R","S/+"
"1844","M0086","R/R","S/+"
"1845","M0103","R/r","S/+"
"1846","M0108","R/r","S/+"
"1847","M0109","R/R","S/+"
"1848","M0110","R/R","s/s"
"1849","M0111","R/R","S/+"
"1850","M0112","R/R","S/+"
"1851","M0113","R/R","S/+"
"1852","M0115","R/R","S/+"
"1853","M0116","R/R","S/+"
"1854","M0124","R/R","S/+"
"1855","M0126","R/r","S/+"
"1856","M0130","R/r","s/s"
"1857","M0134","R/R","S/+"
"1858","M0140","R/R","S/+"
"1859","M0152","r/r","s/s"
"1860","M0154","r/r","s/s"
"1861","M0163","r/r","s/s"
"1862","M0164","R/r","s/s"
"1863","M0165","r/r","s/s"
"1864","M0167","r/r","s/s"
"1865","M0171","R/R","s/s"
"1866","M0176","r/r","s/s"
"1867","M0180","r/r","s/s"
"1868","M0191","r/r","s/s"
"1869","M0193","r/r","s/s"
"1870","M0200","R/r","s/s"
"1871","M0201","r/r","s/s"
"1872","M0203","r/r","S/+"
"1873","M0210","R/R","s/s"
"1874","M0212","R/R","s/s"
"1875","M0216","R/r","S/+"
"1876","M0218","r/r","s/s"
"1877","M0221","r/r","S/+"
"1878","M0222","r/r","s/s"
"1879","M0225","R/r","s/s"
"1880","M0227","R/R","S/+"
"1881","M0234","R/r","S/+"
"1882","M0237","r/r","S/+"
"1883","M0244","r/r","s/s"
"1884","M0275","R/r","S/+"
"1885","M0276","R/r","S/+"
"1886","M0289","R/R","S/+"
"1887","M0298","R/R","S/+"
"1888","M0304","R/R","S/+"
"1889","M0314","R/R","S/+"
"1890","M0322","R/R","S/+"
"1891","M0327","R/R","S/+"
"1892","M0335","R/R","S/+"
"1893","M0337","R/r","s/s"
"1894","M0338","R/r","s/s"
"1895","M0340","R/R","S/+"
"1896","M0341","R/R","S/+"
"1897","M0342","R/r","S/+"
"1898","M0343","R/r","S/+"
"1899","M0350","R/R","S/+"
"1900","M0365","r/r","s/s"
"1901","M0391","R/R","S/+"
"1902","M0399","R/R","S/+"
"1903","M0410","R/R","S/+"
"1904","M0442","R/r","S/+"
"1905","M0444","R/R","S/+"
"1906","M0446","R/R","S/+"
"1907","M0449","R/R","s/s"
"1908","M0452","R/R","S/+"
"1909","M0456","R/R","S/+"
"1910","M0462","r/r","S/+"
"1911","M0471","R/R","S/+"
"1912","M0478","R/r","s/s"
"1913","M0480","R/R","S/+"
"1914","M0483","r/r","s/s"
"1915","M0486","R/r","s/s"
"1916","M0487","R/R","S/+"
"1917","M0491","R/R","s/s"
"1918","M0496","R/R","S/+"
"1919","M0499","R/r","S/+"
"1920","M0504","R/R","S/+"
"1921","M0510","R/R","S/+"
"1922","M0513","R/R","S/+"
"1923","M0518","R/R","S/+"
"1924","M0520","R/R","S/+"
"1925","M0521","r/r","s/s"
"1926","M0525","R/R","S/+"
"1927","M0528","r/r","s/s"
"1928","M0530","R/R","S/+"
"1929","M0535","R/R","S/+"
"1930","M0539","R/R","S/+"
"1931","M0601","r/r","s/s"
"1932","M0604","r/r","s/s"
"1933","M0609","r/r","s/s"
"1934","M0610","r/r","s/s"
"1935","M0615","R/r","S/+"
"1936","M0630","R/R","s/s"
"1937","M0632","R/r","s/s"
"1938","M0635","r/r","s/s"
"1939","M0636","r/r","s/s"
"1940","M0639","R/r","s/s"
"1941","M0641","R/r","s/s"
"1942","M0642","r/r","s/s"
"1943","M0688","R/r","s/s"
"1944","M0708","R/r","s/s"
"1945","M0714","R/R","S/+"
"1946","M0719","R/R","S/+"
"1947","M0726","r/r","s/s"
"1948","M0728","R/R","S/+"
"1949","M0743","R/R","S/+"
"1950","M0744","R/R","S/+"
"1951","M0750","R/R","s/s"
"1952","M0753","R/r","S/+"
"1953","M0755","R/R","S/+"
"1954","M0757","R/r","S/+"
"1955","M0768","R/R","S/+"
"1956","M0772","R/r","S/+"
"1957","M0773","r/r","s/s"
"1958","M0789","R/R","S/+"
"1959","M0797","r/r","S/+"
"1960","M0803","R/r","S/+"
"1961","M0806","R/R","S/+"
"1962","M0811","R/R","S/+"
"1963","M0826","R/r","S/+"
"1964","M0833","R/r","S/+"
"1965","M0836","R/R","S/+"
"1966","M0845","R/r","S/+"
"1967","M0858","R/r","s/s"
"1968","M0865","R/R","S/+"
"1969","M0868","R/r","S/+"
"1970","M0870","R/r","s/s"
"1971","M0881","R/r","S/+"
"1972","M0885","r/r","s/s"
"1973","M0886","R/R","S/+"
"1974","M0890","R/r","s/s"
"1975","M0892","R/r","S/+"
"1976","M0893","R/R","S/+"
"1977","M0894","R/R","S/+"
"1978","M0910","R/r","S/+"
"1979","M0911","r/r","s/s"
"1980","M0920","R/r","s/s"
"1981","M0943","R/r","s/s"
"1982","M0945","R/r","s/s"
"1983","M0947","R/r","s/s"
"1984","M0959","r/r","s/s"
"1985","M0962","r/r","s/s"
"1986","M0979","r/r","s/s"
"1987","M0983","r/r","s/s"
"1988","M0990","r/r","s/s"
"1989","M0992","r/r","s/s"
"1990","M0994","r/r","s/s"
"1991","M0998","R/r","s/s"
"1992","M1012","r/r","s/s"
"1993","M1021","r/r","s/s"
"1994","M1050","R/R","S/+"
"1995","M1052","R/R","s/s"
"1996","M1071","R/R","s/s"
"1997","M1078","R/R","S/+"
"1998","M1079","R/R","S/+"
"1999","M1080","R/r","S/+"
"2000","M1082","R/R","S/+"
"2001","M1091","r/r","S/+"
"2002","M1093","R/R","S/+"
"2003","M1096","R/R","S/+"
"2004","M1099","r/r","s/s"
"2005","M1151","r/r","s/s"
"2006","M1163","r/r","s/s"
"2007","M1169","R/r","s/s"
"2008","M1173","r/r","s/s"
"2009","M1183","r/r","s/s"
"2010","M1201","r/r","s/s"
"2011","M1206","r/r","s/s"
"2012","M1211","r/r","s/s"
"2013","M1216","R/r","s/s"
"2014","M1219","r/r","s/s"
"2015","M1222","r/r","s/s"
"2016","M1229","r/r","s/s"
"2017","M1235","r/r","s/s"
"2018","M1236","r/r","s/s"
"2019","M1238","r/r","S/+"
"2020","M1239","r/r","S/+"
"2021","M1247","R/R","S/+"
"2022","M1248","r/r","s/s"
"2023","M1254","R/R","S/+"
"2024","M1255","R/R","S/+"
"2025","M1257","R/R","S/+"
"2026","M1259","R/R","s/s"
"2027","M1264","R/R","S/+"
"2028","M1266","R/R","S/+"
"2029","M1269","R/R","S/+"
"2030","M1276","R/R","S/+"
"2031","M1287","R/R","S/+"
"2032","M1304","r/r","s/s"
"2033","M1312","R/R","S/+"
"2034","M1313","R/R","s/s"
"2035","M1314","r/r","s/s"
"2036","M1321","R/R","S/+"
"2037","M1322","R/R","S/+"
"2038","M1325","r/r","s/s"
"2039","M1327","r/r","s/s"
"2040","M1339","r/r","s/s"
"2041","M1341","R/r","s/s"
"2042","M1354","r/r","s/s"
"2043","M1357","r/r","s/s"
"2044","M1361","r/r","s/s"
"2045","M1366","R/r","S/+"
"2046","M1369","r/r","S/+"
"2047","M1370","R/r","S/+"
"2048","M1413","r/r","s/s"
"2049","M1414","r/r","s/s"
"2050","M1415","r/r","s/s"
"2051","M1416","R/r","S/+"
"2052","M1422","r/r","s/s"
"2053","M1423","r/r","s/s"
"2054","M1425","R/r","S/+"
"2055","M1426","R/r","S/+"
"2056","M1430","r/r","s/s"
"2057","M1435","r/r","s/s"
"2058","M1437","r/r","s/s"
"2059","M1441","r/r","s/s"
"2060","M1443","r/r","s/s"
"2061","M1444","R/r","s/s"
"2062","M1447","r/r","s/s"
"2063","M1451","r/r","s/s"
"2064","M1485","r/r","s/s"
"2065","M1487","R/R","S/+"
"2066","M1488","R/r","S/+"
"2067","M1493","r/r","s/s"
"2068","M1508","r/r","s/s"
"2069","M1512","r/r","s/s"
"2070","M1517","r/r","s/s"
"2071","M1525","r/r","s/s"
"2072","M1527","r/r","s/s"
"2073","M1532","r/r","s/s"
"2074","M1536","r/r","s/s"
"2075","M1541","r/r","s/s"
"2076","M1545","r/r","s/s"
"2077","M1546","r/r","s/s"
"2078","M1558","r/r","s/s"
"2079","M1561","r/r","s/s"
"2080","M1575","r/r","s/s"
"2081","M1576","r/r","s/s"
"2082","M1579","r/r","s/s"
"2083","M1586","r/r","s/s"
"2084","M1587","r/r","s/s"
"2085","M1590","r/r","S/+"
"2086","M1609","r/r","s/s"
"2087","M1616","r/r","s/s"
"2088","M1620","r/r","s/s"
"2089","M1624","r/r","s/s"
"2090","M1632","R/R","S/+"
"2091","M1637","R/R","S/+"
"2092","M1642","R/R","S/+"
"2093","M1645","r/r","s/s"
"2094","M1646","R/r","S/+"
"2095","M1649","R/r","S/+"
"2096","M1651","R/R","S/+"
"2097","M1657","R/R","S/+"
"2098","M1676","r/r","s/s"
"2099","M1682","r/r","s/s"
"2100","M1685","R/r","S/+"
"2101","M1696","r/r","s/s"
"2102","M1697","r/r","s/s"
"2103","M1704","r/r","s/s"
"2104","M1705","r/r","s/s"
"2105","M1712","r/r","s/s"
"2106","M1717","r/r","s/s"
"2107","M1718","r/r","s/s"
"2108","M1721","r/r","s/s"
"2109","M1738","r/r","s/s"
"2110","M1749","r/r","S/+"
"2111","M1750","r/r","s/s"
"2112","M1756","R/r","S/+"
"2113","M1782","R/R","S/+"
"2114","M1784","r/r","S/+"
"2115","M1789","R/R","S/+"
"2116","M1790","R/R","S/+"
"2117","M1797","r/r","S/+"
"2118","M1820","R/R","s/s"
"2119","M1848","R/R","S/+"
"2120","M1853","r/r","s/s"
"2121","M1854","r/r","s/s"
"2122","M1857","r/r","s/s"
"2123","M1859","r/r","S/+"
"2124","M1994","r/r","s/s"
